1114.95,411.687,927.728,671.508,744.928,1021.51,418.967,542.787,927.326,51.9495,735.413,971.777,184.512,334.358,816.085,274.339,248.558,1138.45,276.651,426.914,20.8428,951.884,210.956,778.827,1042.7,559.415,302.321,49.53,2.99692,1273.44,874.635,297.923,524.797,215.939,657.142,27.3653,
191.269,375.422,605.076,740.563,1057.93,965.492,457.195,952.861,513.19,1218.65,1020.79,684.652,43.6544,1124.64,-0.585282,214.185,59.6152,334.704,264.125,812.584,927.604,149.097,430.884,90.0253,299.048,813.921,559.666,1093.81,0.612318,172.442,323.2,860.258,23.5402,1239.01,1284.91,254.945,101.31,454.238,751.664,690.88,633.893,257.075,
191.478,375.389,604.936,740.616,1058.01,965.462,457.666,952.744,513.095,1218.73,1020.76,684.25,43.6321,1124.31,0.184625,214.087,59.7012,334.186,264.576,812.661,927.483,148.674,430.849,89.988,299.237,813.504,559.69,1093.62,0.747582,172.323,323.062,860.302,23.3693,1239.41,1284.91,255.122,101.727,454.044,751.648,689.693,634.4,256.454,
585.952,367.449,729.384,214.295,476.896,840.228,1220.52,507.815,491.417,-0.994723,1048.71,655.655,1081.41,25.7604,76.8542,225.519,336.875,814.038,264.977,906.713,182.092,423.102,863,1011.21,557.589,128.71,1049.83,832.568,324.916,1065.77,336.191,857.327,315.354,150.925,50.2789,1214.47,1264.88,240.02,137.984,418.461,780.674,696.682,
357.859,718.751,237.655,491.687,796.007,1223.58,854.911,1066.99,633.302,485.681,1041.81,97.4834,336.092,818.955,269.827,884.735,1005.11,550.024,1.33197,1060.53,415.656,877.029,349.663,1033.16,852.688,310.958,1246.86,1185.15,179.202,230.197,234.084,804.21,
709.027,498.595,255.713,917.854,756.385,835.024,1226.76,870.76,1057.96,608.939,470.723,1005.09,110.238,336.754,821.56,870.404,301.303,539.542,999.94,1077.02,197.069,898.798,3.02345,272.113,423.29,845.598,998.183,299.961,1224.24,98.1045,1156.39,211.01,223.556,174.291,214.777,824.308,991.808,526.99,
502.42,942.132,727.686,929.282,265.992,995.111,804.292,1229.97,583.802,890.977,85.6988,1040.64,458.778,436.736,969.09,335.95,330.502,528.014,994.981,1091.52,910.056,222.437,358.067,834.703,5.55538,307.32,437.092,400.831,965.958,1209.68,282.652,103.121,232.769,1129.43,328.803,202,291.087,144.932,202.641,834.694,393.237,1020.59,800.309,522.64,432.364,
500.721,698.828,1231.82,271.754,773.464,564.149,1032.8,912.625,430.861,929.705,856.163,847.169,335.655,517.744,378.495,1098.7,980.821,336.988,933.109,261.721,375.934,820.87,27.006,344.981,449.622,420.425,940.031,1224.18,256.579,113.14,1105.45,345.789,227.213,848.593,142.438,258.015,1053.73,548.502,864.067,811.9,437.27,
304.058,502.159,669.25,1229.56,280.799,542.138,739.408,1023.93,135.903,932.795,36.3649,401.875,856.102,335.995,1099.92,508.28,407.324,299.425,804.983,52.2649,458.529,264.953,1233.83,908.607,118.91,367.68,1083.25,235.41,867.924,567.33,107.737,1085.64,221.43,840.149,462.508,
513.533,633.652,1226.28,914.536,155.103,570.802,112.005,296.363,1012.59,697.557,178.184,829.347,34.7619,948.976,848.062,377.82,1103.23,501.64,863.243,335.265,404.132,314.363,788.726,293.55,74.3484,96.5157,250.156,1236.92,873.116,131.573,384.675,1060.07,243.94,890.251,584.148,869.753,80.5675,487.671,1120.07,829.349,181.291,
100.366,529.341,301.117,601.624,1218.2,177.908,902.299,124.443,1003.58,655.827,574.23,317.151,214.165,804.92,33.4611,956.354,810.927,1113.73,491.835,356.368,852.363,336.194,-0.262118,384.33,774.76,426.34,377.291,332.819,89.1926,232.516,1241.7,835.608,135.041,392.233,240.029,152.087,910.844,1035.78,599.457,503.804,39.94,900.823,137.839,1156.29,817.067,
106.812,136.682,550.239,300.56,1206.3,204.47,134.14,995.977,877.775,783.1,339.09,1278.33,248.255,1132.19,484.121,28.4907,778.046,909.3,848.471,337.928,12.4082,381.184,764.818,436.046,365.011,343.595,402.031,366.614,95.1371,1249.2,227.058,802.535,402.996,608.228,903.741,1012.54,163.201,505.648,544.439,931.382,100.184,1194.4,1126.04,806.055,
138.112,532.476,1195.48,304.308,234.472,134.808,848.397,767.486,1278.19,562.81,358.771,266.203,304.603,1148.88,480.979,1021.2,888.64,968.695,842.785,327.822,389.484,438.418,364.542,5.53163,451.096,74.3881,532.39,1266.99,497.88,194.899,1255.06,102.787,414.205,239.944,614.22,782.068,518.697,985.868,887.067,574.749,185.28,41.3511,960.558,1230.06,1124.34,53.6133,
169.918,519.369,1188.15,129.498,755.306,815.437,1277.19,1154.08,546.265,478.173,293.914,333.194,373.171,874.331,1046.87,80.3775,833.692,974.349,413.026,30.2479,317.411,436.251,377.065,33,438.064,1233.44,566.173,512.935,428.96,1259.16,621.264,240.757,555.818,760.845,960.208,881.641,607.171,89.1878,198.807,1262.87,988.989,1131.75,1189.89,800.067,514.334,
198.403,506.298,1031.67,1180.41,126.525,744.404,782.903,1278.62,1155.43,471.983,532.211,864.02,-0.34818,105.355,1072.76,434.584,664.584,827.215,739.096,337.717,984.588,45.2251,298.206,428.851,367.032,-1.69927,417.629,75.9765,53.5714,453.116,23.6142,423.325,1194.03,446.805,533.69,1258.84,132.451,250.937,-1.29939,935.157,878.84,730.75,639.988,176.186,1278.91,121.785,1019.24,542.506,1065.11,800.936,
486.742,224.761,131.906,1178.23,318.164,733.8,1162.81,1273.43,750.478,461.444,852.15,134.819,513.873,361.089,1091.57,19.4726,727.094,454.339,629.479,385.163,833.719,337.17,1001.72,57.6212,273.857,428.455,251.358,355.512,438.488,90.2371,14.6921,74.5589,474.918,21.7749,409.51,375.508,1153.13,468.996,1251.48,106.417,248.281,684.34,1045.81,565.187,1054.68,804.406,
489.514,1289.38,450.983,244.326,143.164,275.261,1178.11,1078.64,713.317,1177.56,1252.62,448.255,721.327,835.805,170.972,425.784,381.353,490.888,1105.92,43.7476,712.207,478.805,844.275,597.297,337.33,390.948,1023.18,4.27519,59.1705,20.2556,433.999,346.832,234.209,464.323,81.8943,49.5908,498.647,362.174,36.0414,1112.71,498,1242.99,240.085,86.9652,1196.81,593.093,684.829,811.485,
427.219,1252.43,147.532,345.637,1176.88,375.862,278.589,690.332,1092.92,1262.01,1201.22,-6.9688,432.574,1234.4,816.959,202.715,1117.16,75.833,505.071,858.894,337.507,567.073,399.46,1045.52,337.526,449.138,498.064,202.342,91.2256,1274.94,1076.23,40.4788,337.138,679.771,0.260767,627.772,513.054,1237.52,699.649,210.422,96.6206,894.425,1228.63,604.227,727.403,-2.00995,846.31,1183,644.5,187.987,
148.065,1226.59,361.951,1168.41,395.258,671.94,293.576,1240.57,1109.08,1218.67,413.906,21.2533,1228.56,230.232,806.423,1125.93,109.604,879.745,522.088,337.151,407.024,533.93,331.31,470.437,1064.71,532.891,175.331,76.4411,131.184,1041.39,1263.47,50.664,694.653,309.101,644.084,9.368,499.081,1219.75,735.367,907.852,1254.28,177.169,100.628,626.001,1012.02,756.401,1125.7,32.5621,1166.43,198.146,
375.984,1065.18,1137.99,408.749,1203.56,661.443,311.394,1116.06,395.813,1220.46,243.792,55.0797,784.038,1123.92,145.467,897.29,506.365,99.0267,494.84,332.263,488.076,559.431,1076.11,94.1688,1006.91,550.155,1224.5,286.752,53.2028,569.051,1189.52,477.829,1269.42,923.464,650.84,967.556,1156.8,1136.59,0.931812,192.08,61.8893,33.2098,
375.984,1065.18,1137.88,408.598,1203.56,661.267,312.24,1116.04,395.773,1220.44,243.792,55.0797,784.098,1124.01,145.429,897.015,506.341,99.7177,494.84,332.357,488.077,559.464,1076.1,94.167,1006.97,550.036,1224.5,286.721,52.7795,569.051,1189.37,477.619,1269.38,923.464,650.902,967.539,1156.87,1136.59,0.931812,191.92,61.8893,33.2098,
1168.12,1241.67,358.096,1135.21,363.575,1221.67,238.727,739.192,110.514,635.001,1120.07,412.927,559.301,225.093,638.746,926.183,484.627,101.285,102.622,419.886,555.581,109.522,510.88,1085.75,578.727,234.702,927.675,107.612,1161.93,139.622,245.235,1133.05,17.4579,599.444,898.597,961.551,425.96,696.244,92.0676,809.588,1238.15,98.155,1175.59,843.966,776.036,1076.52,191.36,211.294,18.5692,
1169.42,1257.19,389.456,1218.19,349.005,723.712,628.118,228.552,136.78,1141.66,393.289,455.237,256.195,137.225,473.441,113.587,939.095,95.6839,386.638,115.947,550.499,516.354,602.224,715.307,279.03,1091.99,886.609,729.802,1130.18,217.046,1107.25,28.0316,778.826,889.576,710.02,984.436,616.685,787.72,399.78,91.4586,1193.71,1271.5,859.716,74.1638,0.18743,872.136,753.545,1044.92,206.646,1072.77,13.9406,
1168.96,1277.16,417.279,339.529,710.662,621.383,146.362,232.942,1166.95,442.366,287.426,153.808,127.024,951.936,328.874,251.34,552.833,355.248,89.7059,629.091,722.045,521.626,307.597,852.697,751.927,1098.66,180.659,0.171184,32.8927,184.624,1082.42,722.82,771.532,161.856,898.012,1006.88,2.03373,630.379,90.4805,372.802,1205.87,1277.08,893.141,38.376,899.268,1016.04,216.169,724.343,1071.43,28.7424,
329.75,1081.78,442.93,695.131,611.793,130.167,229.168,1190.73,423.09,643.648,174.926,148.045,606.45,3.84781,965.217,305.494,562.098,218.461,316.942,653.66,732.386,331.93,524.83,137.299,207.094,28.801,1061.06,149.163,1278.51,36.3775,1030.62,90.036,167.332,1215.24,649.747,889.135,349.054,226.621,705.38,1090.27,1224.48,7.65696,
1168.04,319.544,1051.32,1202.73,-1.94005,468.582,678.63,599.448,0.974122,222.65,6.89221,126.283,1212.31,401.528,330.345,667.239,342.873,172.157,29.4926,973.576,335.468,584.047,260.857,22.2024,670.828,744.475,81.3526,274.017,364.072,525.86,1049.37,782.888,232.37,35.3081,1144.78,1042.39,1258.98,69.5061,1219.44,1052.7,91.592,672.627,866.664,323.369,82.9399,190.07,238.468,687.599,956.131,9.07532,71.5816,1099.52,1220.23,774.957,18.6769,
1155.31,305.634,11.6183,1226.79,1025.94,488.819,655.662,584.105,17.7448,220.587,35.8706,317.032,380.172,1231.48,127.429,693.318,226.316,200.414,583.753,71.4948,976.137,336.273,686.232,758.04,0.438317,523.081,407.553,1017.46,259.579,46.0943,1032.44,752.213,786.38,1189.24,86.4339,1214.19,1070.81,93.1735,695.223,111.975,841.059,949.555,276.83,99.62,1114.48,-0.80085,667.974,210.982,982.326,25.115,1196.91,782.721,
290.283,17.6045,1239.86,567.865,1002.24,632.576,509.032,61.5181,223.623,366.539,69.4508,306.409,1250.48,248.775,718.955,224.278,125.689,409.72,304.289,618.96,106.755,549.994,965.324,705.739,335.768,768.814,525.847,809.907,445.143,287.499,-0.81599,809.633,121.665,23.1435,55.8615,1076.13,80.7025,145.229,715.203,901.089,1141.77,999.154,808.851,278.681,126.176,36.18,648.632,1004.9,1174.54,791.69,221.419,1259.96,
1059.56,984.066,27.1662,277.629,1273.42,549.122,605.878,1243.35,976.59,523.941,93.7803,225.807,360.44,301.053,90.772,1262.34,743.759,251.325,646.181,433.974,282.632,728.277,972.703,336.033,525.201,774.63,824.036,506.106,316.74,950.402,676.06,1006.02,747.33,827.625,1151.04,161.21,19.347,1204.36,1084.72,70.5877,181.972,1173.82,881.27,1028.78,151.644,310.831,245.471,49.179,1155.35,1036.69,810.359,628.723,1223.56,377.739,221.811,
990.566,266.514,1051.52,532.414,1273.38,582.693,1249.14,950.897,538.946,226.685,359.515,124.213,109.646,309.966,271.011,1272.4,770.359,672.197,191.567,264.698,458.13,231.383,122.169,969.889,337.119,504.863,844.751,273.391,98.5565,530.178,643.519,342.089,915.336,989.192,734.177,31.9575,842.57,1112.32,196.559,1094.14,59.0952,218.228,864.207,1059.8,338.254,170.275,62.7282,216.172,748.77,830.209,1067.86,608.994,15.3855,733.016,364.123,
1037.43,564.436,1274.34,1238.37,924.892,227.803,555.088,361.161,141.037,130.453,5.05262,307.722,1278.88,695.355,232.083,482.229,222.838,972.696,337.669,126.196,491.162,866.009,98.3155,138.219,391.596,310.108,233.372,606.909,367.191,884.954,549.121,967.871,709.394,861.603,1075.21,225.876,1214.99,50.8733,1104.36,846.513,1224.72,251.202,356.998,183.068,62.3978,186.524,832.165,782.401,714.096,1101.92,589.558,748.248,345.268,65.9835,
1023.61,1302.21,1233.7,899.221,231.836,573.486,363.831,160.918,33.1365,340.467,711.719,269.202,508.519,205.558,335.439,981.988,891.583,103.928,853.065,485.181,345.231,224.083,944.854,678.767,882.965,1045.46,259.314,1215.02,1115.96,824.609,285.027,371.158,189.769,151.996,856.804,56.498,689.875,334.715,565.281,1133.21,88.9917,
1006.97,552.888,1240.82,1278.72,875.996,236.527,588.819,191.326,201.503,346.9,59.968,361.525,336.599,381.639,721.972,774.312,823.742,302.736,850.596,534.462,337.105,1267.84,106.038,985.733,897.303,821.317,535.227,477.751,923.323,589.026,347.114,227.525,650.868,1009.39,531.123,904.416,291.214,1211.16,42.4534,1127.48,804.128,1253.93,312.157,195.621,1106.6,392.035,1245.85,1133.49,870.467,114.727,53.4661,331.28,779.63,823.621,541.75,669.281,1156.65,
531.579,987.873,600.792,1251.65,846.185,606.128,218.926,390.248,235.019,87.265,321.863,363.349,398.052,728.779,778.314,849.33,342.271,877.254,568.984,337.086,108.337,1247.36,6.08703,986.198,783.159,479.194,226.328,352.351,527.924,927.161,35.7249,1204.77,117.466,1135.29,73.5532,32.3018,785.48,1249.15,1086.15,432.615,887.242,1103.66,1159.95,873.318,1249.07,783.932,518.546,851.631,651.744,61.0547,
967.785,631.773,1261.74,1278.64,817.447,630.505,244.928,193.856,390.207,256.875,111.045,299.246,733.135,784.549,379.144,855.821,377.001,868.068,600.38,221.431,114.062,337.715,1213.65,146.083,-0.537962,744.704,468.758,984.97,866.067,230.474,441.491,167.615,529.243,25.2404,1204.26,90.1957,1126.93,16.2142,797.571,177.207,1243.95,381.078,1065.41,467.607,304.842,896.888,1083.72,1177.07,1262.75,1234.22,1203.05,785.961,493.625,886.334,63.0073,
945.55,668.923,1271.91,265.475,659.328,1277.49,786.122,408.18,201.717,273.305,137.778,737.28,795.153,268.136,357.784,408.944,250.719,125.444,627.636,1189.25,337.363,49.6732,710.57,115.449,424.573,578.774,870.952,670.168,364.014,239.569,410.583,539.552,169.745,374.838,1210.95,74.159,1114.28,242.27,1.19883,807.908,1234.86,1046.47,415.937,492.099,899.743,1194.98,1059.62,787.443,172.304,1271.42,1177.64,21.0115,469.762,898.196,671.49,41.1296,
922.481,1273.76,706.231,1271.64,277.324,687.34,429.708,166.302,209.288,269.683,811.232,231.759,340.388,826.74,437.959,140.74,855.286,278.915,1162.07,652.846,337.597,71.6588,680.018,84.1985,388.324,554.587,850.019,706.629,249.443,557.891,413.676,1219.49,166.627,367.376,51.6854,1105.95,-0.70398,1030.03,511.35,446.933,813.373,910.411,1216.91,1038.68,259.367,789.027,1280.2,1142.26,162.636,-1.35782,446.342,44.1526,921.07,678.333,
85.895,898.161,1277.37,743.739,1268.86,284.591,472.534,442.002,828.334,187.366,218.679,272.551,194.233,311.675,808.722,463.777,153.662,1278.13,300.159,863.199,1138.81,673.662,336.991,86.6192,639.524,526.992,349.183,60.4747,732.329,574.222,267.71,437.379,5.12355,1225.08,59.971,163.14,376.344,1103.02,23.9693,1012.86,535.334,816.206,477.239,924.557,1220.32,1018.54,795.163,272.638,1108.29,50.5395,423.852,155.099,692.18,
553.636,97.8222,872.348,1244.58,288.136,480.345,843.647,739.273,207.112,292.256,699.389,230.051,281.409,321.305,487.163,803.274,1271.71,874.278,1109.94,767.276,696.528,97.0036,336.862,601.312,494.401,306.339,835.712,756.29,588.517,462.9,1225.35,286.416,351.404,79.1433,1097.51,164.146,240.042,385.183,5.38127,993,561.107,939.195,501.88,814.123,997.281,1210.34,802.909,1077.26,294.872,400.56,708.617,1157,155.906,
115.646,556.616,1225.28,287.621,524.794,497.108,222.088,756.329,317.466,669.336,243.542,348.806,793.401,515.336,1260.19,1082.79,884.156,107.938,567.189,337.974,461.762,266.921,1035.71,602.059,1221.6,492.253,302.279,356.095,1088.9,89.5753,972.887,-0.0345044,591.375,172.046,394.167,954.051,528.623,816.303,1230.21,971.291,36.09,1167.81,827.961,92.3334,1044.24,323.688,722.379,371.301,1168.06,161.463,
693.599,137.397,562.756,1203.37,284.638,528.839,237.145,347.492,770.541,226.552,637.287,164.039,378.546,89.4483,10.6691,779.393,541.291,1042.23,1066.85,1247.42,694.318,126.583,892.646,736.007,537.465,431.03,338.2,223.57,1057.25,1218.03,608.535,35.7523,519.088,324.229,36.9975,1079.76,223.357,357.341,973.416,621.766,101.653,184.07,972.052,403.997,553.951,825.148,943.464,1224.93,21.2318,118.874,1143.48,853.685,1008.57,734.94,1189.5,
671.198,1178.82,282.836,163.337,253.017,869.719,374.988,791.262,407.95,609.679,767.009,50.7719,566.099,1019.23,1041.94,655.978,152.948,1236.41,508.863,403.239,754.224,831.661,902.323,338.455,179.6,847.725,1076.53,1212.32,60.3031,615.161,-1.87925,549.489,356.075,28.7271,1071.48,206.105,300.213,356.331,649.908,213.813,991.424,120.459,552.782,193.152,824.332,413.421,916.522,1230.92,146.665,26.8988,1137.84,877.88,975.384,752.295,1282.86,309.701,1211.65,368.385,
1150.8,648.746,287.269,751.272,271.119,895.556,813.255,79.557,750.53,238.088,583.633,18.0927,1013.11,600.543,179.697,1227.91,472.403,376.059,838.853,769.215,338.898,142.036,908.864,1207.73,1089.95,878.386,53.4415,377.308,601.258,18.8148,1067.61,180.432,1010.26,1060.19,301.725,654.18,352.948,176.51,1003.73,819.439,540.127,891.971,421.269,1154.1,1243.63,41.4391,769.061,914.042,281.343,371.573,
1114.1,861.644,605.924,289.653,577.933,818.418,620.057,719.12,293.163,198.597,920.526,149.455,588.15,448.818,411.57,835.986,119.985,733.975,950.786,979.593,1217.42,343.011,436.875,849.512,780.571,99.4579,1201.15,338.558,1102.11,431.877,400.751,613.394,44.8922,1071.01,10.5504,157.864,1021.04,303.29,1077.53,628.779,153.759,349.329,1008.77,823.888,866.744,543.144,1240.06,1168.17,132.613,53.5383,424.885,787.542,906.001,369.615,255.37,
1074.15,1185.87,630.214,281.38,812.555,590.977,318.602,212.719,692.681,142.237,470.5,219.516,921.636,592.124,166.648,402.487,858.438,719.374,545.161,931.687,650.374,532.454,238.91,308.614,862.489,401.604,53.1887,791.328,1113.15,338.82,453.672,422.057,627.951,1079.03,39.3642,142.23,1096,1029.93,302.65,1023,617.65,344.958,133.167,1006.4,829.767,112.635,200.689,825.365,56.5832,543.185,425.797,191.173,901.351,1272.08,362.707,234.107,
1058.08,1177.01,628.9,816.889,223.328,279.963,552.526,343.986,104.182,495.228,671.627,903.415,213.873,393.022,708.184,880.32,510.01,593.522,900.441,681.259,501.227,875.472,368.927,1128.6,18.6427,803.471,482.503,339.632,447.083,613.272,1091.19,134.589,641.693,60.6303,1119.72,300.253,1033.72,1278.05,600.392,840.885,339.647,1007.16,820.904,1230.74,1173.81,58.7154,218.861,541.036,1278.04,901,427.532,984.34,355.319,
649.748,1154.3,832.586,226.756,520.283,366.221,89.4239,524.417,277.114,892.638,474.349,388.312,900.116,876.369,595.616,266.392,703.964,472.331,886.076,339.625,260.252,1144.24,505.525,339.167,983.884,823.63,471.998,1104.55,131.39,596.588,962.37,653.029,311.624,1144.53,1046.83,575.708,1266.55,852.214,1003.06,333.116,1152.35,53.1986,425.081,1278.33,850.338,239.244,933.988,539.951,188.998,980.753,352.884,
669.801,226.119,861.014,544.207,1131.97,381.41,105.791,503.263,887.403,266.723,688.994,628.525,919.334,834.307,285.773,226.469,730.881,589.538,231.123,891.519,1213.5,441.691,293.608,498.679,341.02,987.633,851.569,125.641,1118.64,587.492,981.817,668.979,148.827,91.9798,1076.31,325.287,1170.22,1032.54,546.921,2.17386,866.656,1223.77,71.0438,1135.19,991.469,27.7966,1228.04,763.337,327.174,870.802,1216.45,40.3001,425.39,250.621,1277.93,947.515,819.836,247.515,542.97,162.727,367.797,1007.26,212.394,
225.489,660.914,560.347,889.364,390.466,1115.8,678.277,120.169,879.422,275.338,484.268,9.51934,308.844,599.145,936.875,771.394,244.436,203.465,888.38,578.525,1213.44,1142.69,414.332,1174.68,11.7633,540.584,339.371,881.695,968.679,105.909,1130.03,585.137,188.367,687.635,1006.16,109.578,1096.46,340.233,884.015,1194.75,518.969,1027.12,-1.18883,61.3816,1115.09,1181.52,976.917,1212.1,887.77,733.005,-2.3278,322.638,248.09,1226.97,1232.1,17.9438,424.713,959.514,788.584,1032.07,371.329,136.412,550.112,269.145,222.211,
571.559,640.724,401.024,916.381,666.078,131.679,1105.78,886.58,260.688,332.682,32.6489,569.1,761.326,774.858,957.043,170.446,1210.4,879.042,566.769,1153.13,1190.42,315.138,388.492,0.659847,567.677,339.101,1137.65,910.835,969.596,230.588,706.396,1030.67,582.063,1118.39,129.048,894.697,38.7503,495.254,350.402,1086.4,50.4675,1215.25,1022.64,899.651,1.37519,960.846,704.791,237.246,1264.13,320.335,1235.69,-0.68463,1264.82,414.075,979.466,1056.44,753.562,372.369,557.868,290.292,160.455,102.04,
415.626,943.947,152.198,893.094,1097.18,355.845,707.22,66.419,737.227,534.316,249.278,141.941,797.852,980.365,1207.65,869.909,201.406,555.952,289.27,1137.93,593.398,933.896,347.831,978.376,269.617,727.723,1058.46,579.245,1137.63,13.6013,149.579,472.244,1051.87,879.773,360.702,89.3409,1233.61,1019.72,910.471,14.346,678.29,945.84,239.675,1256.31,321.227,1002.95,1241.73,1083.3,1248.18,160.362,379.675,684.558,49.6795,828.14,213.654,
431.822,299.305,973.602,374.378,188.872,899.838,374.437,676.735,706.452,1084.55,111.313,387.168,1208.36,240.014,1007.56,164.577,1179.55,1194.06,-1.70544,282.846,550.326,1132.52,137.519,952.61,327.083,615.112,987.097,310.845,752.518,1083.55,1151.04,579.363,161.416,1020.42,453.648,188.485,121.071,877.589,367.553,1252.55,1020.08,922.09,1106.72,51.833,650.379,1223.43,245.429,929.771,1015.31,325.703,1101.96,371.817,1245.62,165.155,697.976,668.446,48.7663,826.888,214.192,
458.671,254.71,618.051,395.783,1005.02,913.916,210.685,601.121,387.82,656.595,1212.87,864.737,1064.81,356.005,1034.66,231.529,121.22,1191.78,1204.43,9.0034,1128.09,46.7922,550.668,206.946,970.133,638.579,337.666,352.152,774.553,995.033,1.58309,994.28,18.7747,439.276,582.858,859.953,935.877,374.346,1264.95,1110.73,74.9065,1190.35,621.446,265.881,917.73,1125.35,1017.47,181.571,24.9898,236.061,858.99,646.851,1249.16,240.14,
467.407,229.462,596.003,406.496,1035.55,930.633,189.233,396.912,581.783,59.896,167.894,620.306,1219.97,885.228,468.481,329.397,433.332,76.3479,1205.35,229.433,13.1875,1219.33,261.429,1126.52,74.4921,658.719,337.778,987.134,555.261,792.072,388.039,1005.15,967.293,1178.69,10.5615,427.209,1121.51,66.7985,587.427,839.522,217.689,949.025,1280.98,379.467,1089.68,93.6573,595.069,299.551,1008.71,37.2827,610.66,1250.32,338,339.991,246.765,
491.659,579.72,401.787,1066.68,941.799,409.266,186.792,28.1344,196.05,1222.92,595.719,558.157,462.048,1085.58,32.4991,1018.89,306.401,1217.72,408.136,230.374,1126.23,1235.84,245.022,679.127,104.634,1007.95,311.783,236.359,558.385,803.142,423.183,935.12,1020.31,1196.93,16.7944,412.194,109.134,1.61187,1135.47,816.764,592.833,250.419,953.653,1069.16,384.917,973.483,110.819,1037.71,571.394,336.374,238.978,915.149,1011.17,8.7719,348.94,1252.48,569.335,243.728,
939.071,475.707,566.968,398.655,1093.23,929.633,424.095,158.224,6.0059,226.316,1221.74,905.446,933.844,461.36,1110.5,0.0834546,1229.32,275.625,1008.25,388.412,76.7298,1130.97,10.4799,698.84,131.864,1250.2,231.393,345.352,1031.6,205.199,333.701,457.871,897.642,558.659,781.308,1215.88,1039.97,57.4385,396.418,150.37,25.5986,1146.67,794.572,282.786,936.07,1051.31,599.637,128.79,389.017,1093.06,939.666,1188.89,1048.26,544.739,369.194,1022,245.922,351.656,36.1795,
560.6,949.887,1096.46,0.133326,915.955,128.85,1219.06,253.908,494.729,527.019,916.703,965.986,458.666,519.146,1241.43,1129.29,234.643,365.866,1140.83,995.726,3.69929,681.934,397.258,1281.78,337.512,230.642,1059.12,859.586,173.054,486.856,770.77,1236.36,100.213,550.816,1062.05,360.495,187.445,58.6696,772.599,1152.8,321.068,911.627,605.975,122.223,1213.27,288.204,906.365,516.187,1056.03,968.904,258.17,1036.15,891.73,352.043,44.3148,
1107.52,1219.15,917.332,281.02,95.7427,929.024,476.99,998.206,456.753,1252,507.336,339.383,974.636,438.128,-2.30379,667.574,1270.13,337.053,1082.44,823.516,226,135.652,1256,778.404,132.761,349.562,1086.68,207.48,752.201,98.7256,1006.49,1147.89,362.543,901.07,270.168,1040.87,1239.4,612.464,305.234,115.165,873.679,489.041,1061.28,991.096,275.121,1061.94,880.857,
1126.11,467.926,1228.37,396.797,310.322,452.6,67.0762,1029.25,455.062,1262.38,484.898,307.662,482.672,950.873,1221.13,1276.16,338.245,791.467,664.917,1114.23,220.161,559.734,1266.48,102.878,171.133,789.004,338.623,189.454,522.673,733.275,981.089,136.874,274.184,401.902,888.463,1012.29,1257.28,313.071,460.974,354.935,843.248,620.044,109.002,398.602,462.518,294.936,1272.19,1064.54,887.012,
1143,491.376,1242.56,1277.09,38.1615,1053.53,454.818,1270.37,458.814,523.997,1188.42,763.381,157.881,338.415,1166.53,1132.23,931.172,661.37,590.708,1277.99,308.493,75.3114,796.066,189.403,365.985,714.846,956.041,1138.91,510.569,440.603,267.612,872.816,173.168,979.636,1274.5,484.084,303.615,98.6468,807.441,1040.49,624.817,311.166,1066.23,11.9769,1252.83,885.102,
1159.49,1253.78,507.851,1261.53,1077.71,963.017,21.7262,906.499,454.18,1269.61,1195.01,1226.8,441.189,730.936,568.83,1153.69,336.614,1175.27,131.34,919.613,296.586,203.893,37.603,801.193,216.835,928.913,697.508,200.684,1.50927,387.004,858.996,942.598,269.815,203.217,95.1389,476.521,296.705,1042.35,772.315,317.422,1225.01,626.968,1063.73,37.8541,863.466,25.6901,
1260.21,494.921,1223.19,310.744,42.0887,1099.13,-2.24613,972.554,450.878,1263.3,904.901,1201.12,1252.98,325.222,691.379,608.695,1122.24,303.326,432.266,207.138,336.683,1203,92.609,271.935,906.144,0.648307,167.913,-2.2556,1170.5,905.555,676.649,517.168,18.0327,217.352,1153.83,407.007,509.077,277.12,190.082,90.1333,453.59,1016.72,305.503,740.854,1197.94,626.214,78.1683,1059.88,844.036,733.346,13.8416,1.78641,
1263.06,516.128,466.871,63.7592,1192.28,278.24,307.433,408.915,1124.31,981.643,447.763,330.623,1200.05,1257.61,906.178,1273.44,353.479,1086.71,345.823,413.967,337.291,1232.57,176.859,670.386,289.512,56.0369,634.639,884.299,14.1354,150.327,891.597,655.038,1186.32,548.939,57.5938,1167.57,166.691,224.2,410.085,288.605,511.951,86.2573,443.831,1165.47,434.897,993.924,704.494,403.448,1057.33,622.319,115.321,826.854,730.527,
518.961,93.0095,460.929,1162.87,260.703,430.846,987.571,449.549,301.868,1247.45,912.689,610.972,1055.53,379.782,691.146,335.937,1255.59,701.252,254.201,333.975,146.654,628.472,629.789,1205.62,143.064,4.6549,94.5091,1167.99,575.421,1278.57,398.229,143.045,203.229,286.412,86.2436,1137.75,435.504,508.933,312.126,980.142,446.639,668.839,322.598,403.562,1056.57,144.753,811.13,615.718,701.501,
967.156,1254.79,117.395,525.607,453.222,225.896,454.419,1131.94,991.451,467.823,1238.94,274.618,577.334,1024.88,924.831,406.074,727.77,416.521,-9.1374,335.859,1270.03,731.161,239.274,342.127,117.543,874.438,5.07345,1227.46,61.7484,390.821,1154.77,21.5818,570.095,1294.03,323.002,1108.89,188.103,413.06,972.262,281.077,498.866,422.199,632.773,325.143,403.492,1058.87,682.575,793.158,175.083,608.247,
525.609,973.847,452.13,194.942,479.656,1093.7,1213.91,1186.28,992.778,1222.55,249.669,985.449,938.69,425.444,768.3,455.23,336.063,761.339,257.311,307.636,348.784,86.6526,863.19,1248.43,580.513,619.465,407.553,555.017,1250.32,1144.9,12.7641,1081.02,401.293,327.611,974.826,184.355,250.879,412.026,595.89,483.648,657.597,1278.93,402.713,1063.93,334.2,202.317,775.236,603.632,
364.04,527.768,1276.49,995.894,460.056,134.233,160.219,502.831,1243.53,1052.04,1191.49,992.643,1199.32,506.026,943.138,443.738,231.724,806.141,489.471,335.622,787.101,253.436,298.629,848.812,65.4722,338.641,562.263,0.723367,619.423,553.339,421.295,1135.52,807.736,1049.05,11.9766,319.795,412.244,978.087,560.962,320.115,468.684,626.319,1266.7,258.108,219.195,1070.7,401.146,756.076,601.682,353.61,
378.531,524.613,468.7,1018.26,110.7,527.932,1262.96,1010.81,1199.34,990.637,1176.91,920.924,444.25,843.548,214.465,513.746,335.27,814.881,255.485,829.993,287.228,83.9388,1274,315.359,806.335,-1.90768,32.4144,1240.97,622.045,425.139,1015.73,1123.49,-7.20806,780.761,415.215,986.624,188.603,520.34,314.847,187.536,1237.82,594.191,459.947,276.927,1080.29,734.126,213.558,
515.247,411.465,470.477,49.7285,82.4338,554.124,1032.86,971.848,1206.47,993.078,430.15,1171.36,873.843,930.662,506.91,883.372,420.977,190.594,833.275,335.666,518.136,268.751,266.869,109.064,746.603,10.8319,799.756,581.564,119.664,289.843,981.666,1257.98,544.765,626.747,414.774,1106.58,19.4807,753.069,266.469,311.723,409.096,158.586,995.652,1202.55,308.561,570.246,175.962,1088.07,705.799,385.331,311.408,195.183,
526.099,37.3006,455.801,575.3,1034.86,936.034,999.417,1200.87,391.519,843.947,1190.06,930.61,507.722,922.732,410.395,852.031,336.607,157.656,496.362,270.211,248.983,126.57,712.639,2.20441,794.494,587.036,954.131,91.6393,543.512,1270.76,276.433,628.703,112.6,1086.3,403.659,40.0458,238.343,128.945,287.029,730.19,405.916,77.558,995.747,1165.45,574.494,298.061,433.871,1091.19,686.61,469.505,389.838,328.323,153.84,
846.013,1108.14,537.36,-1.1429,471.997,562.562,-0.105106,1035.85,900.915,352.038,997.714,806.698,929.016,509.198,957.667,406.956,878.429,480.822,337.547,763.064,292.724,809.906,232.594,678.714,928.635,787.128,585.452,72.7621,542.623,148.942,1273.05,88.2523,152.994,263.946,625.005,1069.49,97.1478,395.497,201.019,260.239,713.952,988.392,1136.2,61.2603,287.46,594.364,397.024,113.047,1091.85,840.681,652.671,474.219,385.948,
1073.39,846.683,519.604,4.88655,319.801,1043.42,863.216,990.374,770.908,1187.48,918.652,990.429,511.781,905.759,406.065,471.33,336.373,742.233,304.759,215.381,799.741,643.653,899.79,785.575,15.123,589.389,48.074,0.524758,360.916,175.593,423.738,548.655,83.5519,403.777,1278.41,172.139,67.3168,615.865,235.476,1057.64,369.388,1112.53,977.536,248.972,169.78,692.057,293.768,606.309,65.031,355.489,1091.04,844.386,623.84,477.616,126.659,
507.626,1041.95,848.765,30.2528,483.821,531.779,287.458,821.714,1059.8,996.208,730.884,896.624,1025.57,936.325,515.73,406.355,459.034,334.359,724.162,115.811,298.833,614.829,192.049,867.994,797.601,80.6736,798.305,29.358,583.326,17.8339,331.103,213.685,63.3818,1269.93,398.165,559.457,38.7408,180.379,1081.09,336.797,602.739,210.278,1048.8,966.761,256.523,148.34,660.828,623.029,76.1445,299.665,29.0363,310.204,853.811,599.091,406.124,119.279,
505.734,1016.25,841.906,479.035,250.579,548.609,1214,778.872,691.713,1004.64,1173.53,1077.58,888.298,1063.23,962.029,522.135,446.414,707.647,335.262,406.446,107.893,295.295,833.977,617.834,792.005,1277.12,807.393,49.8348,304.396,5.84302,576.739,266.442,244.105,1265.32,0.0384831,39.0905,2.55991,1046.3,388.564,568.657,40.5817,324.326,187.049,257.256,588.81,954.74,1041.65,199.768,0.928453,310.828,631.644,72.9324,864.366,267.027,38.7113,577.656,500.321,
504.837,986.612,202.018,483.241,838.28,542.276,8.39179,584.177,655.281,737.285,1213.32,1006.95,1173.32,1088.12,901.843,1106.43,980.555,693.688,531.313,436.183,334.467,82.4708,405.064,800.711,301.78,642.247,775.803,1276.65,825.422,277.982,286.036,1268.22,573.709,1012.62,59.6311,254.367,580.539,336.935,386.211,204.809,576.636,941.494,190.595,872.925,126.584,350.511,607.48,1026.07,55.0588,153.607,496.319,534.431,76.9744,186.486,601.156,28.7554,
500.715,154.612,953.532,-4.31059,543.92,834.853,615.212,695.349,1205.33,1013.48,1180.84,1090.97,914.3,1148.28,994.721,680.208,429.475,67.7991,545.799,334.248,772.639,305.068,405.403,646.152,1277.63,246.677,768.29,835.496,333.729,312.368,63.2758,1272.74,27.4291,983.012,576.234,251.352,345.462,64.702,595.252,374.247,930.177,232.396,873.299,568.315,135.723,353.418,612.484,1019.79,55.0588,153.607,496.319,534.15,76.9744,186.486,601.156,28.7554,
510.795,109.228,919.684,547.492,584.288,828.195,926.005,1192.85,1089.96,668.401,424.101,749.145,333.916,565.017,102.267,312.617,1281.3,410.365,635.815,779.409,213.366,820.933,350.732,963.583,3.59412,1275.17,68.1294,578.166,245.774,63.3012,613.86,918.86,871.617,251.679,140.63,363.728,613.954,566.617,31.5629,1000.52,496.552,514.672,87.7713,
67.9455,514.684,545.963,885.329,674.973,816.717,615.745,945.014,1228.26,1089.29,648.085,721.905,420.391,334.147,588.042,126.473,3.79627,310.453,1278.82,782.396,176.066,624.81,417.565,816.13,957.125,0.0384831,1285.16,392.806,90.4075,575.379,246.809,1292.81,60.3863,871.381,337.333,926.727,635.709,0.507742,343.05,366.182,259.949,126.907,588.356,47.2574,978.589,495.634,497.888,100.358,
1143.18,39.0597,544.793,500.833,552.101,511.09,700.196,570.772,1064.59,1015.71,1194.18,1254.86,962.863,626.485,689.007,1093.57,418.441,333.728,134.684,610.928,336.6,623.23,787.699,136.238,428.508,807.725,955.756,93.2208,417.864,1279.81,578.852,239.582,1243.26,874.713,322.367,49.1458,935.484,657.648,2.48917,313.395,113.126,348.253,584.673,268.939,66.1073,482.856,952.278,685.269,43.0942,
1149.66,1092.39,723.96,524.732,1007.56,1192.48,802.978,1277.73,969.413,1104.77,164.908,413.195,332.162,632.428,793.873,358.285,618.688,98.3209,807.408,115.325,954.868,56.0012,1275.02,587.953,1208.59,881.617,223.956,299.886,36.8053,935.144,666.345,-4.16735,568.958,92.0722,309.68,606.125,346.884,72.3974,286.51,447.096,926.793,
1151.96,437.331,488.103,1116.23,784.208,993.53,480.268,1185.03,960.339,624.429,580.421,199.493,1119.6,331.503,403.418,65.8964,367.547,788.497,127.026,952.723,811.005,18.2178,450.543,1276.03,892.31,1175.88,602.324,208.933,302.872,41.8155,7.86131,647.968,561.499,932.382,611.159,341.437,259.208,307.177,405.875,722.003,680.448,341.853,
1150.74,396.838,601.188,554.404,474.117,434.807,1000.74,960.012,752.043,603.331,556.385,177.54,332.973,1133.59,591.295,388.341,34.4838,635.336,347.1,777.182,939.391,145.296,464.904,810.368,1.43494,1279.66,902.741,1145.62,305.216,44.3281,188.98,628.148,544.079,923.811,31.7909,605.704,75.4991,52.3992,325.82,1281.77,222.551,370.906,680.666,342.635,
354.616,1141.96,620.372,537.106,1146.23,459.207,703.331,1153.59,1219.73,1007.32,391.642,711.016,954.756,581.759,738.567,530.288,165.626,331.106,368.992,573.155,11.4745,1140.02,1278.75,336.725,632.147,757.386,445.84,915.12,502.762,814.22,176.522,1280.3,911.45,1112.14,305.359,58.9449,525.991,916.956,623.293,164.783,17.4673,601.404,21.688,328.13,1278.33,204.047,686.5,
1102.56,312.683,637.196,521.976,444.681,702.558,1243.31,1013.96,1151.2,350.188,553.302,959.872,680.691,509.718,725.429,156.977,552.223,1138.43,1280.41,739.655,633.582,438.891,532.209,819.057,172.726,1280.44,1071.32,76.7213,516.943,891.544,312.41,143.942,0.910466,598.309,295.258,1278.48,190.643,
1081.26,269.312,1189.72,621.128,1112.69,505.33,1262.7,707.12,1022.91,425.135,1156.92,524.086,310.099,943.125,490.783,649.542,710.562,332.735,134.47,-5.62489,531.777,339.293,1136.07,624.585,722.369,1268.16,414.581,555.889,816.567,1280.35,923.104,151.92,1040.44,91.3081,864.738,536.229,305.129,579.82,114.9,269.076,745.927,1278.99,
228.439,1220.71,1058.14,608.254,713.21,1275.17,1097.1,1027.49,407.265,1166.4,475.749,268.52,917.555,615.7,691.027,337.656,152.652,6.29731,512.345,619.519,346.095,707.275,1253.37,379.402,1142.58,805.91,574.213,926.427,136.357,1279.09,1008.2,79.7916,842.994,287.369,539.307,555.821,1275.63,643.576,294.181,81.691,587.596,223.874,731.843,1219.81,695.492,121.261,
185.812,1250.26,1040.43,597.168,720.779,1027.17,1088.59,392.067,1180.85,223.194,897.231,578.451,666.109,328.253,164.655,348.151,17.3854,618.209,495.511,1239.98,691.212,807.97,113.587,583.11,1158.04,926.215,1276.71,977.209,68.8651,820.704,255.498,543.432,583.981,292.927,535.583,1265.6,49.6798,651.305,183.937,721.301,128.034,1210.45,237.027,
1268.56,138.432,734.17,586.941,1016.13,1024.11,377.48,1201.81,1083.13,176.522,866.663,545.718,638.504,170.099,338.526,9.94815,623.089,481.352,1229.82,79.7574,375.334,671.837,316.603,594.867,807.721,926.91,1172.09,946.195,1274.08,48.035,799.007,240.939,553.344,279.274,597.708,143.658,1246.64,708.82,1184.83,520.041,141.93,20.3021,661.129,140.813,
93.465,749.948,569.573,986.051,412.691,1223.68,372.442,1026.55,1077.53,129.398,830.508,517.799,612.021,159.247,327.995,360.992,9.2199,631.836,1232.67,39.8111,471.039,599.186,928.371,389.304,652.329,286.028,812.167,927.091,1272.93,913.709,1175.61,45.4218,213.191,786.38,572.685,174.362,269.557,1155.15,604.804,695.57,1225.96,671.729,510.439,231.464,3.78169,
58.0512,771.857,553.614,383.262,950.874,1242.78,1025.49,1068.97,83.8769,792.684,486.816,143.449,589.134,327.897,374.521,8.99487,647.568,1242.55,12.6155,916.993,593.22,821.009,464.702,399.392,628.903,256.123,1279.06,928.728,877.208,1165.3,54.8512,178.212,813.754,569.603,210.21,258.337,1128.67,605.977,691.841,55.2934,1208.93,505.471,77.6881,
790.832,540.297,348.218,1257.82,939.299,899.092,1023.66,1058.16,37.9136,753.032,449.819,329.22,121.695,381.843,570.658,15.7707,648.56,1243.21,895.395,385.16,826.081,1277.45,937.469,461.942,222.663,845.32,66.6491,139.527,1157.45,238.299,1110.48,828.55,556.323,253.553,656.625,614.471,712.876,20.4918,1199.82,278.677,
809.475,318.6,546.869,336.767,1267.68,1277.43,916.2,867.191,1020.54,1038.75,1.25569,1020.7,714.378,415.375,328.562,385.644,101.625,-0.809098,555.848,1244.66,643.85,873.124,398.378,824.529,1284.31,949.16,186.587,581.191,812.491,460.142,248.775,86.9064,1090.83,833.806,544.114,1160.42,645.519,261.778,729.739,608.913,273.636,
296.976,558.301,305.643,1286.89,340.015,358.839,1275.55,904.204,843.501,1016.11,1014.07,675.328,326.842,376.015,108.999,534.617,1248.2,639.016,416.381,1282.75,963.269,145.065,787.443,456.271,246.925,1063.39,831.132,542.197,641.007,1167.92,260.496,600.06,757.235,1198.14,274.067,44.6919,
276.927,573.042,1278.01,311.295,340,1259.23,897.297,819.255,1006.46,998.473,642.206,121.231,619.884,434.657,506.225,1252.24,812.227,101.712,978.969,1279.59,534.988,249.538,756.373,587.296,1032.69,21.2482,444.723,1275.4,828.169,76.1856,536.619,638.282,267.003,1173.48,588.727,781.937,274.811,66.8752,
1177.05,252.653,1278.79,599.992,282.338,331.189,1261.18,785.531,993.954,890.255,602.544,985.721,343.253,143.958,307.463,451.808,597.451,1259.08,479.313,271.12,63.1952,508.978,723.225,998.513,1282.48,-5.46801,587.573,1249.59,423.889,63.7267,821.799,518.613,486.065,642.006,286.807,583.93,801.472,1169.81,265.298,71.6886,
231.373,1178.59,624.478,253.619,1271.63,334.763,981.685,744.925,878.8,562.708,972.866,331.806,132.348,479.412,265.522,601.677,763.598,304.828,1264.99,457.219,25.9802,800.676,990.557,481.115,685.586,1274.5,1214.67,589.105,396.547,46.5376,805.366,643.89,476.476,305.59,585.477,818.113,264.57,1187.05,1160.29,
210.541,1278.57,643.792,1177.32,227.044,334.745,969.1,704.294,861.133,523.689,954.223,323.365,126.268,497.743,730.159,328.719,613.48,227.798,1268.6,955.239,-0.996807,801.365,443.2,652.828,1027.89,452.659,1177.55,1266.98,60.3232,592.252,366.523,787.26,660.995,449.828,308.809,595.191,834.518,1188.44,1155.27,260.056,
1265.8,660.177,1175.49,194.485,343.777,957.092,837.165,671.356,485.926,930.835,317.353,106.912,467.216,333.082,618.347,698.46,932.989,183.314,1268.34,808.572,622.837,1047.54,1142.28,1274.9,73.2387,1253.78,600.128,768.739,341.212,672.326,610.331,421.574,300.489,850.08,1179.5,583.055,246.442,
665.02,1251.09,1168.78,162.658,351.253,945.83,811.856,454.528,645.906,909.099,82.9299,455.788,902.911,133.868,830.403,1262.84,591.978,1120.89,1068.96,1241.65,401.06,78.7884,1238.34,612.283,747.589,320.987,683.487,606.292,296.371,391.785,864.599,1162.7,886.228,809.06,581.972,
646.96,1223.76,1156.42,128.005,365.306,934.337,-5.81435,792.162,416.347,890.942,618.836,315.791,874.433,69.9983,455.043,1089.53,1259.82,562.092,823.716,88.8384,1093.83,1214.29,374.14,74.2799,1222.68,624.993,723.91,676.157,306.717,604.709,359.186,279.5,877.8,888.815,797.196,581.647,157.76,
643.02,1197.73,1137.2,89.8342,373.744,923.811,1.85678,377.461,778.526,878.578,585.022,848.164,73.0139,1069.38,446.975,1267,615.6,813.521,681.189,532.275,43.2663,1118.62,1189.54,339.925,59.9747,1205.74,637.142,680.694,892.32,320.538,286.75,602.779,130.872,1183.03,912.477,771.756,578.906,
1173.24,641.866,53.0681,363.89,1117.37,9.36556,322.45,915.611,537.851,867.31,766.748,822.421,78.6364,1048.05,818.625,590.21,1276.52,506.851,437.237,698.517,1145.74,-3.53962,1197.92,310.057,1189.09,329.555,41.0181,910.429,116.088,930.151,751.677,879.315,
1145.04,642.421,14.1595,353.647,1100.62,339.234,11.9009,909.265,802.765,500.654,852.82,751.166,73.8645,1024.68,1275.93,480.087,812.488,558.933,431.928,714.74,1199.69,276.515,1153.62,21.5578,99.191,933.447,305.634,576.738,852.099,234.515,916.271,754.61,593.656,
1117.52,639.841,337.321,1093.02,360.702,3.85216,782.794,312.358,904.809,322.952,255.597,830.631,993.793,459.535,71.1766,728.836,447.463,821.82,515.413,730.126,434.116,4.80585,246.724,1115.67,68.4918,29.3883,963.469,276.393,848.012,208.81,634.182,914.377,780.861,589.268,191.808,
1132.74,641.289,315.42,375.649,1091.49,308.699,754.521,5.15358,324.566,903.601,210.04,960.46,66.0814,809.262,427.24,702.074,412.613,836.074,476.589,745.173,41.8069,442.439,1080.48,220.385,43.7125,992.288,631.655,247.969,859.525,181.384,920.259,792.71,636.328,182.429,
1153.82,647.986,309.597,378.914,303.562,724.972,1088.32,1.6251,323.722,66.5803,159.043,789.831,675.844,396.122,376.91,829.072,442.077,1253.51,27.0507,765.307,1042.94,446.188,48.064,193.401,1019.4,650.509,863.624,227.302,929.471,637.453,157.856,
1143.72,656.245,316.225,370.27,295.126,692.34,1078.63,897.564,322.488,903.61,778.771,349.415,654.713,833.35,343.429,3.00129,406.519,1251.05,792.65,1006.1,44.8204,584.172,165.801,994.142,443.096,524.078,661.699,870.255,214.523,164.11,
1142.44,658.491,358.52,309.197,283.314,657.11,872.288,1060.36,323.483,896.714,769.024,-0.34818,296.076,831.241,307.747,639.781,1244.3,364.47,820.933,963.352,973.317,134.487,581.219,488.507,33.7546,432.114,663.825,156.222,871.565,935.51,371.688,201.608,
1134.73,649.964,1279.26,350.227,306.273,269.445,623.328,6.956,1277.91,848.532,322.76,1037.29,76.9947,22.1026,882.732,753.504,15.8705,814.863,262.688,1248.29,624.119,310.257,919.556,856.832,966.029,104.421,450.399,569.524,13.2742,882.828,658.334,425.934,134.96,937.871,398.18,186.924,
1135.76,643.826,1276.52,351.893,252.056,311.86,597.753,822.866,49.8815,1271.13,323.285,57.5394,1016.23,862.892,731.467,61.7481,807.938,1244.4,262.772,603.465,880.303,950.041,410.466,879.131,73.7987,569.373,-1.43887,115.13,889.002,642.472,945.811,196.683,432.794,
1130.07,644.721,364.977,236.365,314.476,575.832,796.179,97.8263,1259.14,322.743,52.8973,1002.18,88.2525,712.138,841.471,194.137,1258.15,809.3,183.415,844.516,222.865,576.373,946.044,371.048,897.018,571.851,91.2484,887.604,613.452,183.687,946.48,639.561,454.742,
1123.03,383.149,648.222,227.066,307.666,549.897,763.962,151.816,323.475,53.4082,1252.21,89.0634,996.19,698.048,154.937,807.918,126.687,174.927,959.386,547.226,330.223,24.2813,60.6147,567.334,170.968,582.585,476.526,643.88,311.639,
1103.68,399.195,237.934,295.343,519.06,726.508,192.874,324.653,64.0781,1242.68,86.6502,1270.06,994.282,1277.29,688.45,116.151,1279.35,818.422,773.206,74.8083,122.06,25.0139,965.742,285.327,520.941,558.799,627.588,178.825,473.64,547.335,314.743,
1102.72,647.486,690.718,241.133,276.971,483.569,1279.11,691.508,230.436,323.327,1223.2,1259.89,77.4636,988.531,676.437,734.75,31.6974,241.309,984.558,893.454,939.357,502.632,619.54,911.61,22.6146,548.882,285.002,533.981,464.519,180.632,1.5,
1111.89,652.229,723.001,247.4,454.293,656.889,1270.72,256.588,82.6664,321.186,130.352,70.6638,1196.94,1226.67,1288.47,43.5077,843.801,655.283,973.499,694.363,811.841,197.065,942.45,605.53,894.019,1002.08,3.61911,916.384,267.385,1186.22,537.307,489.19,462.788,341.055,196.667,10.3236,
285.184,1124.08,671.235,758.757,275.802,448.081,237.733,629.951,1231.12,248.539,1277.46,95.2123,322.761,161.575,40.854,1170.54,1200.48,70.1133,-0.34818,1287.63,839.378,802.556,583.437,156.994,-36.4772,886.536,-1.06252,-0.385973,1010.18,917.209,246.481,1165.08,1006.83,874.512,529.487,482.439,341.602,217.969,
1121.75,293.284,691.524,789.323,280.408,607.405,466.269,1201.36,233.916,237.909,117.521,1259.77,322.703,187.812,49.0079,1183.43,834.481,1147.73,1265.38,612.495,556.231,785.541,112.397,-8.1684,881.843,1013.95,223.313,910.269,489.75,378.265,981.048,888.295,522.33,464.702,195.891,
1111.16,708.722,303.102,587.096,1172.68,288.883,469.354,817.64,225.801,139.518,229.744,1231.15,319.579,213.177,36.3262,823.227,1266.51,1170.7,1135.76,959.579,55.5299,911.492,1.63834,757.491,1013.04,243.747,411.744,966.998,508.51,467.902,194.119,
1119.58,720.112,298.878,563.545,1144.94,299.835,453.085,835.917,155.886,214.911,1202.34,321.565,240.807,-0.0125988,66.6206,800.556,1276.23,1161.39,568.518,548.233,954.684,1127.74,14.9915,731.352,1.61339,915.998,882.515,448.521,949.149,1007.92,264.879,878.712,189.98,
-27.1779,718.912,533.942,1112.29,290.49,310.207,441.519,165.049,856.947,204.006,288.908,1178.12,77.2252,478.696,1278.52,809.889,490.187,1158.46,945.63,543.681,1110.26,11.0417,711.653,480.421,277.723,1001.86,856.502,
731.925,500.176,1079.14,298.058,171.327,428.823,881.945,5.08796,196.346,317.852,1160.76,448.328,89.5632,815.316,443.751,1280.94,1160.98,931.295,528.586,1080.13,875.889,457.188,279.449,45.1106,703.156,827.165,991.779,901.682,645.322,