2.83756,232.311,169.987,591.911,1134.03,1050.81,351.967,701.65,969.999,257.681,6.74997,59.5783,1251,684.501,351.517,599.105,665.348,1086.82,537.437,309.97,156.414,950.115,469.682,654.372,1249.43,741.257,386.285,1263.3,932.717,702.501,634.451,369.745,439.841,1028.96,977.664,156.891,94.1798,1075.29,54.2466,131.626,668.008,958.527,64.0281,866.812,
5.34815,808.278,194.494,576.87,1127.84,-6.41665,688.797,1070.94,348.256,986.094,79.4864,564.979,17.0194,1238.9,703.214,500.695,603.191,527.915,678.255,1068.21,789.711,875.002,309.963,195.671,952.869,827.701,463.228,1247.52,385.721,936.957,103.849,630.702,339.524,424.57,707.384,1250.17,972.608,68.1062,1071.63,639.163,430.076,1160.04,957.163,
198.888,807.889,1278.09,559.411,1115.14,673.003,25.4123,295.075,1088.69,235.321,346.515,104.391,580.674,962.818,321.043,724.276,349.979,19.9472,1231.5,779.94,692.386,608.998,350.869,309.792,240.04,609.515,531.367,693.801,833.521,443.072,687.32,605.461,1243.14,381.437,936.564,629.349,416.129,308.607,711.622,1233.24,1001.03,1068.68,639.03,430.238,1159.41,956.664,
204.756,1.80168,1265.99,819.066,539.413,1106.82,649.56,58.7156,322.859,225.893,1104.2,592.346,130.584,348.446,943.418,319.903,381.409,525.382,13.2121,1221.97,693.827,727.129,486.662,513.21,678.94,420.31,838.772,698.545,378.841,1233.01,937.898,135.06,63.7211,412.848,935.439,283.607,1278.7,900.974,716.946,914.87,988.219,1225.99,347.748,623.707,1069.78,33.0733,1162.64,
213.566,1230.73,20.5754,522.536,832.762,622.78,1118.49,85.1271,355.02,222.281,602.991,160.514,939.866,1116.16,354.624,315.63,744.74,528.932,5.89703,764.795,410.717,10.1469,710.493,1210.07,929.349,315.363,844.139,706.578,1227.95,161.001,411.848,41.8123,266.276,939.68,1269.94,868.062,894.771,724.537,975.582,329.77,1231.76,190.229,604.997,129.444,1080.43,1181.52,
215.695,505.933,35.6216,593.936,846.224,110.827,383.062,221.913,612.654,187.921,940.714,1125.76,717.027,528.037,363.362,323.076,786.823,438.967,-0.317087,706.003,310.062,1192.5,918.419,463.719,317.156,847.914,706.887,939.233,192.204,1224.49,404.577,254.451,11.4551,940.232,828.733,1219.91,312.642,877.029,734.469,975.421,1233.41,585.381,220.862,308.552,1095.17,1203.16,372.558,
209.136,493.217,563.825,61.2421,406.786,142.01,854.22,225.433,623.359,942.616,209.622,688.311,525.725,1278.88,1139.1,375.193,326.691,812.353,469.088,6.64869,689.563,13.5383,913.728,308.683,1172.51,631.859,851.755,705.856,1227.03,322.081,939.654,-9.19694,646.263,788.082,1174.69,595.576,290.121,968.466,861.606,744.492,568.186,1224.6,65.1364,1228.67,1101.39,
202.339,489.741,534.784,0.299664,1157.75,1102.61,423.513,84.1639,174.927,227.381,633.05,855.372,951.425,661.361,519.017,228.344,331.71,836.674,387.225,585.149,1157.91,501.291,656.4,1086.17,47.6976,680.883,423.086,916.465,23.8609,1150.76,936.309,237.692,625.311,195.171,1231.6,853.491,940.72,704.873,6.41728,653.66,319.21,746.558,1133.77,586.471,260.952,956.647,754.253,846.781,553.201,250.027,1206.61,61.3212,1252.53,282.954,895.11,136.049,
196.566,3.99231,490.428,320.654,1166.32,10.1892,1058.48,436.38,105.583,207.682,224.088,964.096,854.519,507.637,242.755,339.969,569.56,861.743,673.884,533.143,80.6235,1111.15,396.259,1183.05,677.272,927.04,471.052,1027.49,1133.49,21.9329,935.766,395.765,661.069,1229.68,855.648,222.098,615.07,1094.88,306.723,230.176,583.209,935.551,740.507,830.259,539.928,203.791,292.989,1268.68,61.707,1190.34,914.881,319.305,173.234,
26.6655,1169.41,318.046,445.166,1018.51,236.711,130.789,654.475,215.288,979.152,621.557,495.574,1279.62,859.764,256.621,558.377,351.538,694.316,887.895,-6.10788,562.849,114.895,1136.51,1026.37,1209.43,675.515,506.782,22.3998,143.511,932.232,1045.87,1118.29,1231.87,856.34,34.0809,214.723,374.02,609.275,1055.78,294.886,198.701,718.855,915.53,585.322,812.019,528.76,162.056,1278.43,318.765,209.45,1179.08,930.104,340.378,113.687,59.7883,
450.147,316.642,0.774111,1170.01,257.28,978.42,668.954,154.118,202.205,998.632,602.819,482.857,1264.73,543.066,271.173,871.823,369.303,714.62,911.02,17.6449,595.915,153.087,1028.24,676.481,391.698,119.789,21.3994,293.924,543.501,133.962,1067.16,1228.87,1108.81,856.053,221.244,31.0601,358.816,1013.86,723.251,607.736,166.338,296.718,898.756,703.641,592.224,518.35,117.095,794.631,339.872,248.276,955.325,115.94,58.7882,
450.137,316.642,0.316598,1170.01,257.28,978.42,668.954,153.734,202.205,998.632,602.819,482.857,1264.73,543.096,271.173,871.81,369.303,714.62,911.02,17.6449,595.915,153.087,1028.24,676.481,391.711,119.789,21.4489,294.139,543.329,133.812,1067.16,1228.87,1108.79,856.043,221.244,31.0644,358.812,1014.03,723.249,607.754,166.338,296.701,898.756,703.632,592.224,518.35,117.095,794.288,339.793,248.276,954.908,115.94,58.7882,
320.341,9.70605,1172.9,704.734,892.985,551.384,179.041,469.223,1237.75,200.992,981.24,495.748,402.54,255.03,750.563,86.2886,957.513,902.283,665.245,303.136,335.073,236.908,4.43477,1029.83,1207.58,82.6014,356.058,102.731,310.272,611.638,371.244,669.029,1263.32,571.245,1216.76,926.194,247.889,851.503,122.013,34.2772,733.088,44.5923,613.765,340.353,869.004,661.152,282.588,496.107,38.1684,601.976,753.126,2.42845,304.672,97.8558,985.929,380.895,
336.573,1.95691,449.777,317.966,28.5569,1175.5,720.44,525.876,849.77,174.825,1233.47,469.068,976.793,222.207,467.432,414.659,767.543,240.141,130.153,981.818,692.952,319.494,913.816,229.325,4.3768,278.588,1033.71,1217.14,121.563,356.287,310.792,114.056,370.841,530.829,1201.39,98.9229,271.757,1123.84,45.4461,1095.3,733.574,618.887,864.586,332.252,666.14,10.5803,479.745,269.252,315.487,88.9176,727.586,991.019,596.436,6.89329,398.136,
38.9359,731.939,1163.47,174.375,1234.86,809.856,465.587,442.465,959.212,241.183,423.121,779.827,167.577,306.999,720.598,301.77,1234.14,14.1471,159.824,350.763,310.753,116.41,490.112,1186.75,377.735,1282.76,80.2209,298.796,1135.64,615.441,57.54,1097.36,733.968,872.72,322.575,692.224,467.643,326.85,88.4669,705.407,269.489,988.53,588.991,1205.84,408.572,25.7529,
404.224,803.135,738.207,1236.42,178.144,1155.16,82.1266,463.742,774.187,424.924,934.016,258.529,432.507,794.108,305.375,747.353,332.153,1226.08,13.7614,660.484,197.147,341.473,123.885,310.766,692.418,454.544,1176.46,664.483,385.288,83.8418,325.874,608.138,1146.49,0.450083,875.15,733.267,1096.93,60.5156,695.446,307.218,89.8611,338.369,450.161,999.696,687.766,263.048,1210.01,578.913,424.635,45.2578,
742.143,451.691,179.99,1141.89,115.904,805.699,414.522,737.602,916.379,438.26,803.226,774.016,367.784,905.925,662.056,1228.52,31.4252,940.252,121.814,232.749,324.108,684.373,420.904,771.758,1169.26,663.232,102.401,840.487,589.753,1156.81,872.495,87.025,734.639,704.797,360.844,1092.62,54.3452,436.368,287.07,1016.9,671.905,1221.07,939.324,576.804,426.064,247.859,
442.882,179.623,1127.17,414.262,150.506,804.424,697.524,443.444,896.565,820.303,296.2,166.799,1080.07,795.766,909.304,1077.35,402.621,908.626,665.08,842.825,1246.05,872.11,112.325,51.0084,680.097,289.194,957.848,729.861,1166.24,665.794,116.732,838.75,561.554,379.248,1169.96,864.569,391.884,1055.09,417.15,1084.34,50.2205,1027.87,264.415,655.556,1244.91,1163.77,945.102,
357.706,178.001,1113.61,421.03,181.741,653.012,450.06,795.832,142.886,1099.7,819.336,913.255,266.526,1105.73,912.812,670.255,436.633,192.252,835.237,852.891,686.206,78.6093,693.393,969.928,1168.12,667.571,126.244,534.166,836.247,1186.54,428.11,854.373,733.902,398.263,56.3999,243.219,640.254,1262.72,1160.73,948.634,
137.507,173.93,1099.3,610.045,424.302,460.493,870.352,785.655,342.506,118.772,1119.14,848.401,293.08,915.394,1131.78,678.031,473.437,829.863,353.375,693.139,832.416,1272.76,657.929,82.6713,1170.69,975.878,135.008,428.99,669.821,508.471,834.378,55.6528,360.988,461.698,87.8551,1208.27,842.995,1079.2,381.523,66.0644,77.1569,1075.65,229.794,1277.58,622.706,1167.23,953.113,
897.591,180.2,1082.34,571.02,240.287,778.529,360.207,95.0249,1131.46,890.929,319.475,154.397,688.019,919.264,1160.01,508.765,825.062,361.006,701.313,159.552,1264.82,269.991,812.948,623.415,312.711,390.824,104.298,52.8175,1175.42,978.792,451.191,142.275,671.494,62.1262,832.726,356.979,109.705,9.34106,1231.93,751,769.977,1097.73,835.857,362.732,760.828,78.5838,1079.63,1173.16,957.111,602.472,223.765,
875.297,182.925,813.657,1067.57,839.307,921.911,63.273,383.261,777.371,1278.48,915.154,342.501,1145.92,141.587,701.53,919.388,1189.65,542.705,822.077,710.867,364.807,230.701,139.388,1275.54,794.524,585.902,312.998,425.386,82.5378,1177.08,153.542,69.2267,986.839,671.467,831.751,134.059,24.0855,1248.38,360.829,1114.8,791.96,341.481,824.593,774.276,1183.21,-0.0125988,1286.22,88.6279,957.847,1088.22,577.468,222.426,
834.239,393.135,189.114,791.569,227.646,1053.25,947.063,298.769,1.21792,1265.73,398.83,123.217,356.529,1162.23,783.089,713.696,1216.14,819.361,726.399,574.119,194.686,370.608,777.569,545.668,1268.93,119.805,312.014,458.319,65.4678,1174.59,68.2461,163.018,1002.22,669.668,433.477,831.56,1129.92,65.0698,153.543,1257.7,815.254,363.811,320.509,1277.18,1195.38,796.539,1251.11,2.87688,953.998,1100.03,542.923,89.5918,
420.494,795.365,208.145,775.769,970.821,1038.08,333.505,15.6047,102.167,1238.62,909.313,415.404,722.098,976.88,1176.71,914.417,383.916,1244.54,738.306,152.977,599.992,363.379,762.04,504.945,1277.27,313.472,1168.82,105.314,168.225,401.255,664.015,831.477,1019.05,1141.61,839.001,296.894,358.993,1262.74,33.9072,946.5,1108.09,515.004,85.4562,
450.236,991.695,760.061,1023.47,365.967,33.9226,74.5945,907.523,1203.84,730.682,911.054,1005.7,1191.01,1256.61,752.886,814.172,103.967,11.711,789.138,621.165,358.848,747.097,465.111,1161.31,313.445,99.3462,170.676,540.62,370.719,831.389,656.293,1147.75,1028.84,863.413,272.947,345.148,745.526,1267.25,935.613,68.4594,822.226,1292.88,1113.88,487.622,
503.917,182.456,480.902,1009.32,723.031,1010.23,45.0093,18.7438,398.598,42.532,737.853,1167.73,906.493,1035.57,1203.73,439.472,1276.84,58.2274,643.698,429.587,33.4893,351.356,733.715,781.075,1149.45,1279.41,311.861,51.9838,61.1623,168.099,98.5411,568.332,1152.34,334.308,832.073,640.833,1033.94,1236.41,889.753,1220.71,1142.54,921.336,723.802,102.588,1258.51,327.465,836.091,1271.73,253.192,
1025.16,516.349,305.402,59.1011,342.883,413.834,996.842,6.90171,464.903,428.398,742.611,1131.53,902.8,1066.82,1215.85,23.863,464.826,393.839,666.107,336.492,69.9588,719.843,1137.19,765.858,574.502,311.63,1276.2,64.9057,584.071,170.864,65.3109,599.87,98.8549,1158.4,300.845,833.046,627.323,-2.87257,1220.32,1043.55,1101.7,1214.45,129.3,703.159,1249.98,314.984,2.52404,845.169,1272.19,495.105,255.338,
1037.1,676.104,541.249,81.8938,271.5,642.326,402.333,300.801,984.173,746.292,900.062,1094.45,1226.6,2.94768,485.729,357.344,691.24,332.987,1126.16,106.213,704.561,605.04,311.735,69.1545,614.128,753.571,166.138,629.472,1169.2,266.032,834.846,1210.21,616.294,934.338,890.038,1198.09,152.818,688.135,1243.92,262.906,312.327,1250.73,529.733,12.6855,848.962,
649.391,111.77,564.884,235.465,601.482,1278.01,391.472,265.534,747.21,972.715,899.581,817.423,501.909,478.721,785.953,1238.62,516.429,1290.41,488.662,717.714,1134.57,631.582,142.079,686.922,1278.19,62.7082,312.442,643.058,746.958,144.123,1184.92,658.947,1202.75,837.404,236.657,608.022,1021.02,876.156,252.969,1179.38,948.934,175.511,1075.28,8.61225,271.325,565.301,671.96,317.781,1248.3,850.999,47.4562,1.93255,
134.741,624.826,576.277,198.361,382.055,561.996,1267.64,222.336,746.827,901.594,961.633,829.992,1134.99,1026.87,528.517,774.39,1254.34,1242.85,274.088,505.593,345.628,744.48,654.428,1143.07,49.3137,179.474,666.924,313.612,671.244,1202.46,127.039,107.088,1193.05,842.478,982.9,866.925,601.95,54.1343,1152.14,200.556,964.907,1088.17,321.515,600.988,1223.24,849.325,657.593,248.113,
146.058,634.822,594.799,377.44,160.651,524.184,746.84,1257.6,177.903,846.488,905.053,1169.29,952.422,993.064,761.56,554.344,1263.14,234.043,366.042,524.851,1202.9,771.468,33.717,674.923,1151.63,220.763,1282.34,643.473,313.692,699.759,1222.23,116.221,1181.8,136.316,947.329,121.491,1124,232.503,596.058,979.446,322.45,630.803,20.5894,1179.36,1092.01,1236.35,642.359,481.957,329.946,237.595,
617.482,1265.5,662.352,595.727,380.242,121.868,748.099,488.156,134.607,857.35,909.069,1250.91,1203.69,749.975,573.685,1258.88,486.249,196.137,396.558,534.506,545.64,1156.88,13.3737,689.313,794.299,1164.06,619.659,1277.35,286.939,1240.14,729.233,107.951,753.024,1164.71,98.0162,753.393,130.873,27.2937,1099.33,588.081,994.59,22.8779,656.34,1142.91,471.819,211.124,1233.72,1096.84,352.01,
663.841,1247.39,579.634,87.4816,383.151,749.484,868.58,445.208,913.23,90.4938,739.657,1230.21,482.168,158.257,1270.98,420.394,586.322,700.44,1108.74,561.494,5.62833,815.651,1179.73,596.8,310.656,1259.42,755.241,100.988,1144.93,781.459,225.887,748.867,1078.08,13.7474,679.849,1273.53,580.43,1010.41,455.363,194.491,1107.52,1104.33,414.554,382.797,
967.99,683.165,60.1176,567.225,1220.72,753.758,377.514,884.541,916.054,404.009,49.4813,886.559,1242.1,730.045,1203.59,478.983,117.475,927.931,1280.02,441.03,714.535,597.091,1067.54,586.03,837.714,575.366,1177.53,1264.6,326.775,94.8222,1125.79,7.86178,782.102,807.568,272.927,739.439,1062.43,162.659,708.216,373.676,450.234,1269.66,187.124,1029.76,572.501,1072.23,413.741,
951.807,32.9318,762.145,698.308,544.656,901.149,1190.17,370.633,917.53,364.206,13.9104,1276.76,849.067,720.983,475.828,69.9815,447.972,734.298,922.051,1030.07,1270.42,855.933,554.895,1167.02,313.39,356.186,84.1998,1109.81,14.2343,808.122,830.242,195.337,847.707,293.142,187.108,355.974,1048.37,38.5751,273.255,1.11433,448.133,182.699,1236.42,396.033,1046.82,561.138,1037.88,426.863,
699.462,949.541,773.141,9.6857,921.426,519.978,915.022,715.721,1159.61,918.069,357.858,325.274,815.043,715.203,474.642,26.1692,761.634,436.202,918.485,1281.24,991.697,538.063,873.769,1163.53,69.4819,314.878,1097.86,366.426,31.2963,824.743,196.546,187.755,772.025,305.597,1034.94,861.481,96.8476,255.251,33.149,172.747,5.76436,1213.58,1066.38,-1.85812,1002.03,546.202,
939.27,501.99,737.036,914.186,343.434,1131.63,781,286.391,711.213,-0.913642,1132,476.679,1116.28,790.455,430.396,1277.21,917.711,1153.99,523.866,659.579,1089.25,392.634,312.108,616.99,841.074,876.27,187.587,821.663,198.351,734.757,248.978,1023.2,103.669,426.097,322.908,864.19,229.819,158.205,17.527,799.452,-2.50432,1188.38,1090.2,727.689,-5.8616,962.084,530.817,
934.561,956.843,765.265,908.693,481.668,757.971,326.878,1105.78,242.732,483.661,1094.33,818.993,1083.41,424.199,1278.7,1079.61,20.4458,1145.45,425.701,511.294,679.865,66.4654,312.872,866.254,627.06,902.804,180.163,801.453,702.72,206.671,250.049,278.172,104.567,413.647,1015.6,456.67,140.33,204.288,-0.403003,334.405,32.8452,1164.93,1076.6,467.722,923.762,732.88,519.449,
924.526,799.594,971.556,773.275,903.935,782.772,461.777,309.459,1077.97,494.063,198.976,1055.18,845.929,1048.3,415.142,1275.21,1066.65,8.72967,1138.56,460.827,856.803,497.856,90.593,313.144,893.26,933.843,776.961,255.564,199.015,410.57,304.399,107.227,1005.73,482.088,123.379,177.637,347.641,1138.11,67.3348,2.46613,1052.59,885.837,733.518,511.47,42.529,
918.304,798.198,900.133,811.352,444.447,290.897,515.032,1029.76,868.467,154.139,407.196,1018.09,1045.17,1268.63,493.225,968.406,1120.25,121.606,807.074,479.213,312.806,966.671,258.716,754.411,401.147,325.26,116.047,991.191,207.373,504.406,115.896,157.253,1105.96,102.697,365.656,6.58799,560.015,1039.75,848.417,730.118,18.6403,
824.823,899.421,841.998,428.376,705.827,648.25,272.201,534.718,883.711,398.8,113.479,1022.61,1265.71,522.487,993.077,156.763,1103.76,712.482,687.589,313.557,458.628,751.358,766.522,254.284,997.058,734.406,132.662,-4.03631,193.868,987.322,528.791,901.895,221.686,128.79,1075.16,132.431,872.733,379.171,587.664,22.4022,1019.57,812.597,
843.5,898.977,862.708,884.233,704.153,549.478,613.493,948.321,894.781,253.03,62.6166,1261.31,549.714,192.567,1015.04,685.274,315.393,1088.15,438.234,978.991,248.536,370.888,896.971,772.128,574.684,146.522,1025.05,384.32,183.302,19.2374,661.688,558.034,999.808,1271.68,935.821,120.594,1040.59,236.789,356.469,161.101,874.651,614.782,50.0338,991.479,552.184,776.131,204.667,15.8004,10.34,
885.519,1141.2,871.016,701.073,390.15,233.213,18.2326,1265.75,223.468,575.641,1034.17,312.754,415.111,1074.32,365.199,1007.33,239.648,147.46,535.744,418.005,1050.14,795.029,886.859,178.537,39.6921,586.194,98.3123,1235.25,982.351,676.95,1006.49,185.685,259.734,342.068,872.948,638.124,82.5669,968.728,570.853,737.996,227.555,
901.676,1275.64,879.384,1260.52,695.597,865.663,385.858,213.755,1274.96,930.724,1269.64,245.823,600.737,214.27,313.277,140.303,609.352,224.495,688.675,499.241,442.567,1071.84,818.787,51.1345,877.16,187.013,618.057,86.3913,997.665,1189.97,691.81,211.37,324.885,283.593,657.558,871.004,114.67,947.026,0.721064,591.035,693.835,251.609,772.711,-30.592,
567.986,902.228,1282.39,1115.68,570.098,688.621,518.553,924.192,828.832,379.589,196.763,1232.87,261.461,900.659,1272.34,627.912,353.94,132.992,211.142,381.462,313.5,557.637,30.5716,71.2633,45.3835,1026.48,647.301,197.071,1145.85,705.409,239.241,293.462,670.092,869.697,928.27,309.967,146.907,7.25675,615.234,654.253,266.337,766.718,12.9952,
929.976,1092.5,679.09,483.938,936.773,794.293,388.017,865.869,921.63,346.315,181.577,278.085,1194.22,659.457,1267.68,863.808,340.46,133.569,206.217,686.609,365.47,1084.95,438.122,314.62,662.307,19.7064,81.9257,20.5611,673.205,1101.06,222.611,917.807,276.916,949.634,261.305,913.198,867.767,175.6,21.7068,339.65,1279.91,271.01,19.8171,
961.514,668.854,1067.97,449.965,952.285,889.789,761.742,388.562,832.979,951.94,318.489,695.829,1160.5,1262.86,826.838,204.712,681.388,420.579,1102.65,339.258,522.004,4.70296,452.482,653.426,68.903,694.083,907.014,1056.49,889.907,246.119,288.542,866.956,935.522,236.299,25.1263,202.304,275.801,659.716,1293.27,359.452,35.5083,
556.007,993.766,477.093,657.968,968.694,413.546,1042.64,863.602,727.302,382.088,803.451,977.156,285.595,730.156,1259.29,1129.02,203.542,673.147,415.145,797.579,0.491431,550.429,338.841,1070.74,401.571,643.906,67.3925,712.75,858.663,1007.86,933.305,275.355,697.263,213.396,732.347,290.576,229.762,20.3097,677.424,1245.74,60.7819,536.043,367.202,654.135,
551.702,1022.9,439.143,646.895,984.994,378.938,838.653,1020.46,692.022,778.114,383.595,258.66,1006.79,325.819,173.824,347.978,760.824,112.415,1253.81,657.449,1092.95,205.174,404.937,578.442,772.088,1145.45,344.931,1079.98,351.687,1181.49,726.643,636.322,67.9846,825.703,704.671,1181.85,206.834,30.9042,356.902,8.34491,447.698,692.65,
551.702,1022.9,439.17,646.969,985.004,378.963,838.628,1020.52,691.899,778.117,383.618,258.827,1006.75,325.833,173.817,347.988,760.823,112.415,1253.81,657.461,1093,205.174,404.981,578.442,771.948,1145.42,344.95,1079.98,351.678,1181.81,726.67,636.322,67.9846,826.185,704.671,1181.85,206.864,30.9042,356.933,8.34491,447.698,692.65,
620.086,1065.12,628.683,798.694,312.804,1001.63,9.20815,379.044,737.655,621.979,306.284,377.59,-0.126646,979.588,175.247,196.338,408.485,1061.9,809.256,619.406,1248.58,57.6752,190.882,1012.14,625.121,1169.64,367.695,1150.17,328.226,699.19,1213.34,248.823,1121.62,69.7101,691.454,625.298,760.507,868.752,726.498,1007.51,365.05,307.405,140.458,1139.73,725.217,196.508,36.5461,359.172,46.2564,753.031,405.698,712.615,986.117,178.364,
1115.56,1084.98,786.56,277.487,1024.91,295.572,28.2114,717.689,356.769,591.908,169.898,367.561,11.2081,959.466,432.692,1222.94,832.374,1082.78,603.618,1253.2,651.808,33.4932,972.829,1156.87,382.648,1132.79,312.386,194.864,665.568,1139.1,69.8669,681.253,733.152,824.484,617.675,742.82,375.474,3.02691,1035.83,147.412,135.888,1098.49,745.475,368.242,48.3054,194.304,362.235,84.1378,982.854,163.827,
1105.98,523.977,766.81,617.553,1104.2,239.616,292.495,1044.54,695.466,45.8688,169.12,559.261,330.655,361.478,30.4248,456.982,1188.87,938.545,854.155,596.116,129.29,186.518,1103.77,677.959,1265.04,11.2909,1154.4,935.47,385.792,1229.87,1126.96,301.926,1259.48,141.507,1155.75,72.3525,638.555,1278.16,608.632,376.841,15.6637,1070.99,167.598,835.659,313.595,381.401,324.821,115.376,1062.23,866.048,-1.32987,62.4539,190.243,321.493,139.367,116.435,966.233,
1098.3,743.372,614.935,479.498,1267.7,292.78,1125.15,1056.96,673.054,66.4172,520.057,294.6,365.875,3.50929,477.843,1154.79,587.227,190.948,89.1249,708.153,1273.39,2.5881,377.491,905.52,1118.01,317.757,1229.75,278.994,1277.39,85.8646,1181.86,673.611,609.899,1276.39,375.219,641.626,601.716,33.8766,190.672,317.682,1104.46,847.124,398.64,92.3409,346.042,1031.42,868.355,121.812,79.555,15.987,277.457,182.795,950.186,788.784,140.473,
276.592,725.835,615.265,286.64,1088.96,439.814,1245.13,1164.97,1062.91,650.906,371.322,88.6361,241.296,1114.59,580.323,188.985,887.342,734.812,53.9847,1161.5,369.68,316.896,1117.08,878.696,1236.44,257.614,93.6447,644.697,25.813,1204.28,379.98,688.348,783.624,1277.57,44.8574,1269.31,629.914,220.779,328.566,419.304,854.197,1134.54,1000.13,376.781,869.03,229.416,104.594,41.5396,171.916,933.149,690.668,388.372,153.055,
712.552,270.381,614.539,400.559,144.528,201.086,1087.98,1200.34,631.043,1069.43,381.137,453.213,519.815,1081.07,576.325,106.722,212.799,910.667,756.829,184.446,859.626,364.195,20.5138,1122.23,316.092,1253.74,849.141,238.172,106.894,618.793,-0.0554695,1228.14,395.371,789.523,632.252,536.881,67.9059,257.407,341.215,624.797,1261.58,446.859,862.897,972.257,39.722,87.9016,1157.48,406.999,815.907,870.751,1270.33,411.238,913.845,740.116,699.597,58.5275,25.581,
613.623,207.952,109.417,357.424,1206.61,1096.83,611.283,391.876,1080.52,421.445,1047.37,775.239,930.268,118.237,180.681,360.664,1208.04,2.76807,834.593,1192.02,1126.88,317.696,1264.59,219.209,122.831,812.304,591.978,416.842,1249.45,791.303,595.431,96.0837,509.287,293.596,358.047,474.3,873.325,625.96,1243.69,941.892,61.7026,19.7007,1177.92,140.933,1241.47,721.514,896.033,170.715,72.0458,13.478,5.90039,
609.514,72.4778,201.773,314.041,1254.74,406.481,1012.97,385.8,1089.03,798.881,954.487,359.522,1231.05,1132.44,809.067,1210.42,317.992,1274.47,170.159,564.305,441.271,1265.05,130.009,383.978,320.724,481.185,498.817,884.73,628.417,908.59,1227.3,56.5274,16.2712,415.471,1201.76,479.268,844.564,100.127,1198.48,880.991,767.735,184.715,151.325,
35.0664,195.788,1274.05,420.375,270.898,977.445,1093.14,822.593,985.506,1254.23,162.878,89.6831,1137.43,787.24,1222.77,317.598,164.962,1268.26,737.87,533.429,465.652,796.88,1278.6,164.815,543.625,425.826,511.182,398.715,344.505,1279.96,894.79,459.998,519.765,427.233,875.582,628.871,75.2403,1218.18,32.8635,513.137,397.243,1231.58,764.491,862.158,1157.58,54.4747,862.435,690.05,207.629,
7.47933,199.104,438.732,230.561,938.87,1074.76,620.155,1133.47,1094.86,846.606,1271.14,1017.7,1140.27,178.243,52.554,317.914,145.639,766.885,1233.29,1264.46,703.2,806.855,194.29,520.755,364.812,1277.66,900.903,532.61,405.25,844.346,92.1752,625.568,46.3484,1275.52,542.552,1220.84,373.977,779.252,1257.28,871.834,1115.1,880.332,15.3349,666.119,848.128,
88.42,209.508,437.949,901.358,185.892,1046,643.759,283.283,338.728,1086.75,873.842,1143.89,1280.15,1045.28,1144.82,170.436,219.408,19.1156,317.467,1259.11,483.58,122.709,1244.57,824.238,745.133,671.727,219.534,501.08,382.663,903.201,1268.8,537.476,366.988,812.399,124.416,563.474,64.146,617.266,806.734,1254.54,771.15,352.5,1281.81,1225.3,1078.66,628.368,899.671,830.78,337.922,
79.821,222.35,864.131,487.321,529.224,437.963,136.235,323.67,1006.51,652.644,1076.94,251.743,892.329,1071.3,1149.6,174.974,248.074,-2.10041,1257.43,493.488,450.348,318.953,107.722,845.401,260.066,719.554,1265.57,231.948,643.237,402.419,378.501,900.977,1264.62,525.737,161.671,586.621,329.785,89.7842,768.869,1225.78,601.15,327.996,588.627,1216.58,1044.03,918.424,811.938,353.217,
54.5684,243.602,825.541,427.786,520.086,449.791,306.967,1063.24,965.079,83.9182,665.927,911.788,213.287,1098.59,1151.61,187.012,493.635,423.244,269.249,1261.24,862.751,317.167,133.03,64.0351,264.837,13.7842,1278.76,689.58,609.981,896.699,331.674,1260.52,518.274,614.886,824.085,154.652,113.655,280.931,1192.18,582.936,304.125,554.087,1003.06,364.566,939.933,793.318,1201.91,1277.38,793.558,
785.431,508.29,42.958,422.479,1045.56,933.378,678.313,173.005,36.7583,199.026,492.131,395.944,1266.06,877.559,122.486,35.3798,54.8486,891.356,568.779,661.209,281.21,1248.76,510.845,732.247,831.536,642.109,784.134,132.601,1158.36,237.781,941.412,287.862,371.29,886.86,1.21127,954.352,1192.59,1266.18,776.964,
741.918,493.346,400.188,405.523,26.308,959.76,1030.47,136.446,691.682,894.981,-1.21361,1175.78,1159.15,1131.98,494.258,212.199,369.176,1276.6,890.401,13.7993,101.165,888.535,234.253,529.307,633.429,503.854,1236.99,843.388,797.068,689.92,144.679,120.766,1120.76,386.062,956.261,201.17,499.003,276.922,-8.99389,565.046,1231.23,1186.96,766.511,696.545,
699.384,323.964,481.611,1280.04,381.87,2.69185,100.131,703.444,1187.58,863.269,1188.12,503.364,1123.49,902.08,1285.38,340.284,233.992,483.187,317.91,366.122,0.907287,889.902,131.959,498.431,324.673,83.0715,183.276,490.294,615.355,496.49,1225.47,858.304,806.779,154.953,95.5411,1087.08,385.892,466.035,981.026,166.274,270.034,25.4428,1194.4,981.495,560.01,681.697,
238.308,663.749,471.823,309.859,1277.47,1013.48,361.371,993.13,1199.3,57.8777,711.861,830.703,1213.7,518.142,912.064,1278.7,1122.71,308.801,1278.91,496.808,250.295,393.214,317.053,895.754,535.307,170.836,129.936,475.305,351.134,67.6151,807.236,872.505,1211.66,594.337,162.867,723.671,641.017,65.8512,1053.44,1004.18,116.064,843.956,1155.14,897.825,263.073,997.983,49.8297,647.161,555.712,
236.164,625.617,464.392,325.938,1034.44,1261.3,337.27,1210.44,976.346,719.944,18.8038,1244.31,795.108,537.238,923.874,274.391,513.851,1128.23,416.493,904.188,296.897,547.553,209.807,75.4775,53.6047,801.997,881.054,483.304,1198.92,166.76,731.704,1.26077,573.68,613.142,408.15,39.7486,389.979,1021,1025.01,1112.63,802.623,729.216,1016.44,900.781,699.744,258.634,608.684,550.685,72.104,
236.101,625.544,464.445,325.924,1034.44,1261.34,337.414,1210.44,976.346,719.978,18.8038,1244.08,795.02,537.286,923.884,274.038,513.854,1128.24,416.515,904.18,296.9,547.571,209.807,75.4775,53.6521,802.026,881.054,483.296,1199.02,166.832,731.736,1.26077,573.682,613.08,408.14,39.7408,389.929,1021,1024.79,1112.63,802.617,729.167,1016.52,900.799,699.744,258.634,608.736,550.685,72.0008,
546.214,455.306,1056.47,1221.47,360.817,286.765,944.477,1233.65,743.593,954.504,721.937,591.437,219.968,551.521,469.285,923.275,567.414,1149.71,5.17955,790.771,876.655,193.348,351.827,1172.53,551.77,22.516,715.3,520.255,0.250593,323.101,957.3,1044.38,708.423,261.957,1053.82,536.708,659.311,906.416,7.59394,
455.163,507.39,1221.32,1061.23,1278.96,376.896,267.911,943.177,747.549,1221.36,971.213,610.584,690.417,191.845,565.166,495.627,927.429,564.396,792.304,874.163,329.931,1154.25,13.977,513.491,475.9,217.517,1158.41,311.81,466.657,26.5601,528.944,428.782,713.99,289.559,488.433,922.78,991.405,496.471,260.745,638.263,905.258,1169.65,
468.519,1219.11,1065.55,392.991,298.926,223.365,965.772,733.835,1209.04,984.819,624.897,661.821,163.076,575.042,927.053,493.49,797.859,876.792,562.765,319.014,518.617,363.523,41.4037,475.042,1151.02,237.552,1145.9,61.5897,269.966,7.14693,703.393,250.548,440.485,888.816,453.868,957.529,667.756,656.114,257.085,456.18,619.313,1087.72,906.66,1177.37,505.564,462.493,313.466,
1213.84,1069.13,408.485,1222.91,300.528,193.125,978.849,726.725,996.019,1196.53,637.305,129.794,583.488,923.2,631.545,484.663,799.374,887.392,318.769,385.181,252.359,72.4181,1141.38,475.105,92.5348,1134.49,463.879,0.706974,701.093,457.32,854.57,419.61,921.834,659.588,260.339,617.047,1072.41,422.318,598.137,1106.55,321.502,907.235,1205.55,511.585,482.686,307.965,
1211.04,1065.26,427.708,1183.27,298.513,989.119,163.393,1003.21,716.633,646.336,1182.65,591.028,918.914,95.0363,600.943,794.393,482.968,899.486,319.95,419.355,262.188,475.431,1128.75,435.061,703.981,479.483,654.072,268.34,388.983,584.503,370.686,1058,577.797,512.318,1123.06,319.237,1227.4,906.933,543.52,
1059.8,443.597,1003.78,287.009,1144.65,1009.03,130.208,648.348,712.788,599.3,916.939,1167.15,62.9901,783.757,906.354,564.331,479.141,510.652,319.201,269.147,536.105,445.635,474.221,398.337,141.186,1121.37,403.911,126.829,707.995,158.926,503.554,648.281,281.911,813.367,1065.2,1142.92,1247.29,907.669,527.681,
459.929,269.125,86.3612,710.521,35.897,1148.16,775.217,283.065,527.483,317.934,157.135,411.019,372.599,1275.58,117.672,712.153,114.183,298,644.024,778.58,526.421,276.152,521.639,1071.27,565.192,538.707,1163.58,1261.06,904.965,512.494,
475.707,1154.16,251.434,43.064,1088.46,772.181,704.125,1125.25,486.235,499.855,300.748,319.872,487.643,176.866,1101.81,424.898,347.961,66.462,1143.45,1270.08,159.276,711.385,314.962,71.5071,635.095,744.615,239.767,272.972,486.787,1075.15,352.755,7.4336,517.008,288.039,1182.21,1289.37,902.034,486.149,
494.137,2.63905,232.231,1138.5,640.298,1059.04,774.778,20.8181,695.425,1104.95,484.049,321.696,470.898,1.75566,317.979,460.619,204.264,1097.95,314.918,26.0685,439.662,1155.59,1260.37,188.29,328.748,623.049,30.3827,586.98,216.523,375.834,1079.16,451.05,555.901,15.2956,494.011,1199.27,250.118,1288.33,901.631,503.097,
514.226,14.6317,210.156,776.585,651.673,1118.12,3.98791,1023.59,686.654,486.868,1087.45,338.719,15.8668,319.158,239.337,1096.39,-0.0733213,280.206,453.622,1164.47,1244.08,609.579,219.96,316.789,10.9161,590.78,174.628,393.18,1082.2,46.5234,418.269,471.191,566.309,1216.36,1260.11,898.432,518.182,223.623,
533.148,1073.21,1050.86,48.2188,950.096,773.091,917.671,185.19,669.195,8.88562,1090.59,981.615,493.287,676.972,348.946,1071.63,5.25389,487.953,272.669,555.63,41.4833,317.335,1096.49,245.846,472.016,740.46,589.972,657.183,1164.89,1228.61,311.879,245.052,710.724,147.536,405.278,583.477,77.9194,1082.03,381.445,449.565,1235.63,577.992,898.057,529.87,210.282,
552.669,763.351,84.6566,15.6239,159.57,1057.27,940.665,-4.63983,355.635,666.965,1057.43,44.7749,11.1861,293.747,426.332,481.974,596.394,535.389,380.548,318.303,68.3668,1097.81,214.556,1276.12,494.145,763.774,74.9753,307.958,111.99,413.59,1157.49,1213.85,263.631,111.412,694.795,583.376,1079.22,354.359,426.347,1251.93,897.363,596.811,546.495,
1092.6,7.13785,575.313,753.904,921.447,958.712,120.045,733.956,21.4807,689.048,497.053,8.67807,135.435,514.61,1027.32,361.576,909.323,8.85782,657.101,309.112,46.6371,409.601,1044.23,478.055,623.652,530.004,335.93,1099.24,188.462,82.1001,1241.25,786.431,417.31,290.013,34.203,66.0735,1202.93,1185.23,144.606,1145.35,279.431,680.19,1075.77,607.16,317.959,403.057,1264.83,564.806,898.304,613.719,
1019.09,1098.12,748.722,915.93,16.0685,1130.02,599.111,1067.09,959.649,743.303,130.751,45.9612,495.821,702.094,46.1946,518.79,110.815,365.568,1000.44,878.311,55.0736,644.554,325.64,76.6922,392.177,477.847,1033.06,650.927,518.281,349.697,1101.94,167.34,98.3559,1209.46,442.242,543.815,810.824,427.104,-0.0554695,276.468,24.4149,261.956,153.058,1176.96,1130.44,665.603,1074.43,283.139,630.745,380.627,1276.52,588.205,899.375,630.094,
1095.06,747.229,1019.65,911.937,1155.67,50.915,960.113,622.277,1081.32,745.307,489.343,718.39,519.737,54.9029,388.871,92.0799,974.773,1.51056,86.1675,841.142,102.723,3.77696,631.602,479.205,667.255,1019.69,502.156,391.561,1106.72,319.978,128.922,124.734,504.467,442.44,1189.56,839.903,266.48,253.06,117.451,1154.73,1113.78,1077.57,359.326,248.758,608.726,899.951,421.001,
750.327,1039.35,961.705,1179.59,83.3851,1101.44,645.632,1280.22,1.00536,747.242,478.595,87.8376,740.649,516.667,402.899,130.9,71.9451,112.384,133.843,953.99,799.559,373.649,43.8979,480.449,618.37,683.344,485.475,399.419,1112.53,1006.34,319.989,102.354,155.848,461.393,868.35,1172.22,261.117,102.558,629.063,343.271,209.648,900.886,433.646,
41.5716,966.447,754.137,1064.06,1117.6,671.783,1216.61,465.171,5.75742,743.954,514.648,763.046,417.126,169.399,205.061,139.79,34.1148,170.937,404.973,81.8868,352.689,480.001,-4.49852,43.5229,929.045,758.552,604.339,707.048,469.739,418.734,1119.7,61.2933,318.08,988.676,537.942,180.713,577.682,900.724,266.743,1145.67,78.6753,321.037,607.229,167.536,465.759,901.966,374.503,
38.199,792.509,756.222,1112.69,453.798,134.004,1226.11,-2.37261,516.872,427.833,784.149,200.085,-17.848,237.064,173.733,205.078,424.828,340.267,-7.24111,478.754,86.9264,17.555,897.435,591.88,729.996,448.97,1127.44,28.422,317.625,970.778,523.492,495.2,381.08,595.54,212.272,929.79,267.636,1115,47.665,301.063,582.852,675.948,123.954,745.975,499.77,904.512,388.196,
326.893,445.946,1134,126.539,172.339,1279.16,1237.68,741.168,525.866,13.3847,433.491,803.178,235.598,21.0271,328.496,417.916,579.307,862.2,750.654,1.95493,1137.52,473.925,700.609,318.021,949.445,342.739,616.444,954.732,220.231,266.977,1081.26,14.1466,280.698,695.939,559.605,1129.46,775.833,82.9278,532.102,384.974,
443.183,320.622,134.666,1157.94,24.3997,205.99,1265.96,1202.92,1259.27,48.3904,538.499,435.437,746.223,57.7374,1.93489,823.729,42.4195,405.959,176.195,569.1,811.816,1148.65,497.214,131.256,10.0002,672.465,318.02,929.409,298.572,636.107,980.17,2.72306,1052.97,256.455,709.617,1083.78,540.892,1153.37,556.283,796.791,416.102,43.0462,343.1,1076.87,
864.042,141.875,10.3195,1175.46,316.197,38.6581,1229.32,231.503,1187.95,549.329,437.097,63.7576,1285.64,101.247,3.26003,839.325,271.959,391.233,52.0342,216.84,1159.83,543.751,791.226,636.432,8.11181,141.462,317.839,467.26,910.787,522.003,253.636,655.384,998.252,724.499,1031.78,233.99,300.352,575.386,429.245,1069.6,522.96,6.4429,1176.24,820.381,1080.18,
841.364,26.1007,159.163,1210.56,4.56865,443.62,561.596,256.638,80.7343,321.052,24.0445,136.196,439.241,825.114,497.487,374.768,53.4523,1172.5,254.909,557.769,596.779,318.273,6.81962,146.385,450.202,529.701,895.692,209.788,677.619,1007.98,219.461,276.78,735.898,210.763,1013.96,268.406,445.629,569.769,1051.47,502.746,1196.09,840.306,
30.1923,1224.82,175.493,453.628,732.109,823.297,575.083,96.9001,48.9484,425.069,172.616,523.202,1186.3,764.469,58.4554,288.595,743.33,318.934,436.738,6.00776,550.874,159.19,882.375,699.344,1023.37,203.053,260.389,307.937,745.235,241.295,187.581,1282.55,463.75,995.014,558.19,1029.67,1215.66,850.656,493.448,
188.106,464.503,26.6345,728.416,848.06,590.819,1124.73,304.193,1194.9,354.656,95.8385,411.877,317.291,212.863,550.771,1201.94,759.73,615.716,540.309,67.6093,320.858,428.708,319.139,711.922,4.73013,537.449,8.76009,138.012,1276.16,870.565,722.999,1049.41,171.388,247.106,331.585,744.024,205.823,481.453,164.25,1268.04,969.225,1011.36,559.533,1227.69,481.478,
201.969,4.47612,724.391,20.9534,600.875,874.3,1088.7,117.089,1211.64,812.824,571.658,253.008,771.443,810.535,369.332,1216.23,753.286,649.12,540.57,420.145,559.444,88.3408,675.867,75.772,9.31837,500.526,1263.95,167.038,746.57,857.429,137.258,1080.36,226.364,168.913,735.936,346.096,503.527,1277.34,142.143,1262.74,2.14372,939.708,996.398,1241.39,629.687,573.989,
610.825,1256.12,114.685,-3.94895,896.564,1060.81,310.157,1232.2,811.527,590.156,774.137,402.551,354.077,818.11,746.006,1232.94,412.474,681.922,375.787,319.918,641.902,26.9701,112.356,467.144,1220.1,178.996,771.219,844.572,108.246,1093.94,201.355,133.468,753.733,522.656,1271.81,354.451,117.738,18.1597,1253.39,985.477,902.852,629.955,583.34,
718.426,1249.44,1041.13,915.798,385.923,1034.65,302.307,393.912,811.605,1260.86,608.51,781.22,431.851,355.995,738.703,826.143,1247.77,401.409,716.586,585.938,409.845,543.841,319.765,612.193,130.699,426.826,1175.69,83.1709,189.759,1092.85,182.419,104.801,534.603,774.907,1256.88,91.6843,362.858,36.1488,636.173,1238.61,1146.4,977.594,885.94,
384.136,1019.76,934.265,291.181,1242.96,1003.08,421.062,812.948,625.78,1279.66,792.145,460.775,730.986,374.382,1260.99,839.811,599.464,752.914,438.964,319.878,542.189,32.456,590.01,386.493,140.282,1128.49,60.3456,198.011,1071.77,809.818,72.0375,158.558,543.757,793.543,65.6686,1233.19,375.586,645.827,56.1155,1098.03,
383.204,144.04,993.059,275.438,951.016,819.976,967.151,1240.14,639.704,226.55,270.749,808.497,724.342,292.988,486.424,363.386,1266.79,612.263,858.486,788.578,459.24,320.692,539.098,47.7733,565.382,43.0398,352.327,144.997,28.1943,130.958,202.219,553.427,810.642,40.8696,1211.03,654.328,398.163,1053.27,77.6684,833.083,848.187,
1083.04,150.12,269.008,212.411,968.325,829.522,454.707,932.849,201.379,463.702,1244.48,637.136,204.104,270.681,719.226,828.535,352.093,508.236,300.182,1274.84,621.837,821.883,875.303,467.073,320.728,61.8524,534.84,1269.06,26.7027,532.152,24.2993,858.029,322.117,110.459,153.13,784.921,565.156,211.633,829.861,20.538,1186.35,422.727,1010.15,648.733,807.874,95.0676,801.9,
786.414,925.238,225.153,951.78,844.248,983.328,468.63,901.294,210.452,174.044,481.072,193.408,632.531,1253.26,260.788,714.717,339.49,849.636,527.268,1279.58,629.98,313.766,441.649,321.603,75.1879,528.13,9.77693,1237.62,42.2626,494.671,94.2348,1048.61,877.333,792.359,286.54,1016.5,170.28,580.147,228.894,847.364,10.3381,785.175,1167.17,969.947,110.663,644.406,446.848,776.486,22.4177,
235.032,924.41,486.859,1002.43,1072.73,870.834,162.873,497.361,639.979,245.324,1263.76,712.989,874.34,635.074,548.595,317.003,881.11,320.289,428.97,894.071,-3.11604,1200.2,516.773,78.081,1026.65,459.36,899.682,803.47,972.436,597.798,1278.49,243.563,867.906,20.2438,757.611,932.369,127.258,1148.36,641.277,752.747,465.384,20.4372,
915.08,507.78,1024.66,144.269,1054.17,510.186,628.662,714.578,1271.29,360.996,637.881,900.157,570.38,320.985,1277.62,910.972,320.165,420.831,0.0384831,901.013,99.4593,1161.99,502.498,65.8413,998.697,923.138,806.455,429.959,612.526,927.522,1263.98,29.0265,249.855,725.529,145.279,1127.32,732.475,468.831,33.8391,
524.735,1062.37,122.368,525.012,619.65,1039.89,233.971,717.157,294.283,1268.45,374.343,641.358,926.507,592.505,318.88,942.058,1270.02,320.2,120.099,413.714,-0.128011,1122.24,116.265,51.2389,485.05,949.705,805.337,632.137,403.759,884.094,159.266,1224.26,222.639,915.44,39.2641,855.888,695.168,173.19,256.878,1103.85,715.192,39.3834,
543.067,1080.52,99.3545,828.051,766.217,224.47,536.415,854.603,720.238,615.354,-24.5568,1031.48,382.605,647.82,1260.22,953.62,617.84,310.613,975.207,320.614,1256.24,153.758,408.357,1081.8,25.7673,133.093,465.998,804.656,651.554,366.012,847.254,1183.7,121.302,933.695,50.8103,816.813,670.238,566.154,272.345,1079.54,682.734,635.251,50.8371,
125.561,1109.79,76.6077,820.936,215.104,730.411,519.459,607.512,4.0908,866.345,282.333,1026.71,653.536,389.78,341.729,1248.63,978.558,639.465,1010.28,181.843,1244.99,1040.14,910.5,407.381,156.6,447.022,998.503,664.886,941.226,804.152,325.887,1146.06,811.568,958.607,649.146,68.039,778.413,224.073,535.965,1053.19,647.868,291.468,77.8636,
1137.87,51.581,121.36,813.705,206.361,714.164,596.5,503.032,6.01283,272.068,872.168,662.586,1020.33,394.017,353.732,1237.83,1005.76,660.518,1048.48,201.34,311.001,998.878,1240.95,-3.01522,880.503,182.641,675.459,1014.57,803.07,947.365,289.609,1106.87,627.747,985.591,51.865,501.317,1016.49,618.698,113.042,10.267,4,
43.5355,1156.75,807.255,197.549,109.457,585.659,13.6316,258.031,500.174,669.153,880.629,397.426,1005.72,372.071,1232.32,1033.4,679.393,217.353,1082.29,321.973,-3.19852,957.942,843.176,1242.21,686.773,211.243,1030.4,800.457,943.975,605.867,1069.69,263.737,86.9874,1012.02,1.81298,471.124,2.20141,587.377,1010.18,765.789,137.18,
801.519,1172.83,193.092,574.947,27.7921,99.8406,718.942,649.058,245.387,499.73,659.748,898.591,398.212,986.354,1240.17,239.725,1062.62,699.938,1114.39,321.174,331.397,815.142,-1.02153,919.962,701.145,238.265,1243.83,1050.57,795.77,579.48,1030.07,684.183,941.778,233.103,96.0331,674.889,1031.34,448.976,290.299,152.711,263.64,767.581,545.276,
795.035,188.184,1182.86,52.3902,226.122,3.84096,719.71,98.461,498.921,644.119,925.252,1241.47,419.964,267.957,973.322,1090.84,722.251,1144.2,321.449,785.389,333.998,718.168,880.038,260.256,373.539,1070.32,1242.23,788.163,445.573,652.453,564.4,103.708,424.688,197.032,1023.41,638.465,157.019,309.07,776.589,281.516,
786.857,1181.64,81.0526,204.187,13.9681,719.505,494.336,103.327,642.278,320.357,1243.93,290.013,433.774,1119.25,746.01,1175.8,321.716,-2.86397,836.136,323.576,0.321975,278.525,356.595,1087.38,778.763,611.599,1234.1,459.214,575.663,955.073,396.394,111.252,1009.76,600.306,956.284,327.477,776.114,525.739,494.416,296.613,
101.421,1177.56,185.404,593.931,558.738,38.9941,721.611,1276.86,494.717,102.193,642.344,329.922,1238.98,426.54,454.971,1148.44,773.481,323.241,1209.18,5.81017,794.769,313.566,11.8016,1107.08,567.3,766.59,564.381,368.221,918.046,1219.39,465.784,125.116,1005.34,771.651,345.816,967.95,456.291,
206.945,1175.77,169.763,607.274,64.2684,730.724,1250.03,92.8348,343.06,639.631,1227.95,447.843,473.096,968.979,1179.85,799.84,325.465,938.563,1245.29,700.078,768.597,8.70756,754.521,531.658,1120.13,754.437,30.9026,879.837,550.476,1201.11,464.263,1007.19,544.929,770.374,94.0454,365.087,511.156,423.577,975.021,941.104,98.4495,
179.156,1178.81,624.569,86.6111,752.64,498.975,1210.53,81.1956,354.348,636.466,1226.49,472.965,497.37,1208.5,825.05,978.07,323.667,680.513,1273.86,789.367,918.251,10.4155,713.704,488.199,1113.82,742.969,50.0827,839.979,538.931,561.764,1011.41,1185.02,458.241,771.674,68.7241,411.729,387.01,461.694,978.162,938.447,570.814,224.805,74.5426,
957.224,169.961,644.871,1167.25,109.223,774.454,485.895,1173.82,364.037,71.473,493.79,632.477,1223.4,521.917,1235.79,847.154,650.989,323.69,998.231,803.368,18.8904,906.421,1274.81,676.179,455.43,1119.58,733.021,526.168,223.625,802.983,71.6759,181.767,580.288,1018.63,1176.56,768.754,355.311,45.4804,934.547,570.083,426.586,219.082,
183.526,668.57,949.769,1161.82,127.615,793.808,436.791,520.891,1137.63,376.485,507.594,65.5744,627.96,1224.81,632.715,547.55,1256.68,865.487,323.554,36.4907,814.103,1025.08,1279.96,1256.58,903.119,636.032,423.674,505.877,1134.21,725.345,233.165,766.867,96.5605,591.023,199.474,1032.46,768.231,0.775622,925.172,315.904,1177.1,256.245,582.245,
190.139,691.276,1158.67,141.339,1268.33,934.851,811.632,405.318,529.153,1103.26,393.815,515.88,66.65,623.695,1234.12,608.502,1275.18,55.6212,324.884,885.143,571.016,812.827,1049.64,1275.81,590.983,385.863,891.981,276.601,238.151,486.642,719.877,1146.81,413.715,732.078,595.245,439.127,124.029,379.407,910.663,763.996,468.595,1042.77,0.225559,597.223,1181.97,458.836,120.421,
190.139,691.276,1158.67,141.339,1268.33,934.851,811.54,405.318,529.226,1103.22,393.804,515.97,66.65,623.741,1234.12,608.361,1275.18,55.6212,324.496,885.028,571.014,812.848,1049.64,1275.86,590.983,385.863,891.981,276.577,238.151,486.628,719.877,1146.81,425,732.078,595.249,421.811,124.029,379.376,910.707,763.996,468.595,1042.93,0.225559,597.321,1181.97,458.836,120.421,
193.571,152.542,938.38,1148.32,735.582,1211.39,847.5,888.509,345.236,514.619,433.785,1028.22,557.368,553.651,615.606,1265.1,74.6531,830.789,326.306,567.129,1155.32,924.233,301.819,1262.94,1197.8,512.062,1078.06,434.628,596.228,858.977,719.228,662.201,1168.8,460.789,485.921,882.245,172.643,740.931,301.45,373.594,206.472,634.03,505.417,1060.3,7.33906,
202.386,1143.45,149.871,755.721,915.051,1179.73,862.97,312.972,511.532,458.623,861.569,990.253,592.952,526.849,608.257,1281.29,77.2878,836.974,1134.5,324.565,559.167,943.058,200.85,1163.15,475.49,400.959,1092.6,598.919,723.653,627.534,265.856,1179.2,489.229,259.995,717.367,648.402,284.936,521.032,383.734,1065.05,1064.41,27.7507,
208.985,149.609,1147.15,883.402,877.188,279.15,493.619,952.248,844.69,623.396,502.095,599.094,1114.99,842.63,324.74,552.501,224.109,963.291,174.681,304.918,1233.45,607.026,721.739,593.868,285.082,1189.9,516.389,255.653,265.102,535.482,139.203,215.996,1074.54,400.502,
211.137,759.948,1115.23,152.622,768.337,853.547,893.769,245.272,494.812,922.17,830.883,648.145,481.021,1090.64,69.7514,847.679,591.042,327.385,73.4298,551.734,986.036,1223.66,296.302,1193.54,620.16,1087.39,1148.26,865.557,573.636,713.905,304.141,1201.42,831.908,541.566,249.679,237.636,551.42,84.5355,120.205,1074.02,412.196,241.485,
211.265,1081.26,751.816,161.07,735.334,914.885,831.065,211.696,496.003,882.974,816.088,671.682,458.978,1061.02,854.038,68.521,583.946,327.007,556.771,74.5402,1012.48,283.538,1208.62,633.691,1149.37,1055.67,853.234,509.145,1178.59,328.942,704.306,1268.23,1213.71,684.805,563.212,811.617,642.207,57.0076,571.967,1085.59,1123.69,574.658,257.086,
1043.97,209.357,173.909,729.605,934.079,816.348,495.479,182.249,846.104,434.547,790.357,695.322,1028.44,863.925,133.255,578.877,326.558,12.3072,567.628,270.56,1038.85,84.0861,1205.83,642.349,277.137,1103.75,304.032,837.841,1024.48,484.549,349.883,693.975,694.642,1229.16,623.539,1097.42,22.4484,800.782,1117.81,597.741,
1005.28,201.406,946.944,714.523,183.923,485.249,507.793,151.005,407.034,720.947,763.066,995.454,875.83,136.832,325.418,257.805,1069.03,644.994,257.97,1227,96.7645,1061.29,820.598,265.132,985.282,443.256,373.807,682.594,702.182,601.06,1247.72,167.09,1.67659,619.873,204.969,623.733,795.409,
522.891,970.347,188.006,931.299,695.037,193.988,484.344,504.939,115.6,748.505,379.117,966.852,742.787,889.241,37.0063,86.4738,325.986,115.136,247.546,645.068,1095.97,236.14,1237.11,805.941,103.646,1024.05,220.201,944.007,1163.21,395.346,670.956,709.991,150.522,577.441,1240.75,184.77,787.316,
934.01,520,176.474,927.888,484.829,676.225,201.027,79.4529,500.948,787.255,351.713,942.847,727.753,1.91579,903.495,48.8939,117.701,325.898,239.857,85.2365,646.874,1119.6,208.731,796.879,1242.69,979.088,101.739,173.527,369.638,1127.93,405.244,903.101,716.789,658.351,1154.34,136.912,550.784,1115.53,1258.48,462.006,165.513,
170.151,487.419,924.852,659.44,207.243,40.4425,495.112,326.843,920.933,812.142,918.481,139.763,59.1902,712.189,238.73,652.522,327.335,58.0294,793.109,175.064,1143.19,1252.09,616.935,932.836,326.123,1088.97,420.185,724.231,1177.26,869.923,659.652,133.703,1121.13,524.804,1271.91,497.472,153.746,
840.587,936.286,170.838,481.776,921.671,647.435,212.576,4.45081,490.615,305.014,894.607,836.225,163.31,933.289,79.8266,240.072,328.304,30.5506,789.883,143.22,626.563,1259.46,1159.82,623.599,887.772,281.467,1047.86,436.213,1187.77,731.968,664.557,134.531,1123.12,832.741,500.654,1273.2,719.118,673.106,476.48,147.95,
840.587,936.286,170.838,481.712,921.671,647.435,212.447,4.05859,490.583,305.036,894.622,836.141,163.31,933.287,79.8266,240.065,327.2,30.5506,789.877,143.215,626.539,1259.46,1159.8,623.599,887.719,281.467,1047.86,436.213,1187.77,731.994,664.557,134.503,1123.11,832.741,500.664,1273.2,718.22,673.106,476.393,147.95,
98.1223,517.125,171.519,866.727,1278.54,436.297,254.533,910.993,839.821,617.212,226.097,486.692,881.289,605.029,657.289,215.358,955.256,687.139,249.908,132.607,766.325,325.186,-1.24403,634.914,101.383,1273.23,650.391,1200.69,632.898,204.258,1201.66,974.332,12.309,471.18,1106.38,681.198,129.715,443.178,750.295,10.329,789.43,733.175,442.641,192.9,
532.192,88.764,163.616,846.556,222.504,1266.43,423.17,606.584,232.023,905.361,569.425,487.35,966.409,701.247,643.191,746.949,153.517,327.576,78.1244,617.703,1278.74,660.586,645.384,158.294,987.021,81.0007,1092.64,489.436,101.842,690.192,407.803,145.616,1277.95,713.746,815.453,31.6659,448.148,416.583,209.602,749.377,
-1.21513,142.988,78.6251,869.852,189.016,404.567,1258.79,238.923,907.124,595.733,706.927,973.448,626.246,727.84,163.855,1275.25,197.935,327.473,54.4312,597.227,666.665,116.738,725.992,1080.2,786.572,1006.05,85.6895,505.901,705.391,355.564,843.121,146.141,1260.42,59.9982,680.113,424.028,220.274,398.299,761.183,
748.813,884.056,957.215,249.237,898.587,383.117,1249.86,586.37,498.811,318.357,706.416,246.316,980.032,713.875,603.062,181.197,327.883,1266.35,225.636,22.323,568.051,1258.06,688.565,1261.19,1071.82,680.202,801.842,62.3436,1012.79,522.509,720.135,305.137,876.901,234.515,393.395,79.0206,1241.06,636.025,146.937,770.823,
72.6221,742.383,740.417,905.339,991.532,62.7623,901.571,733.119,263.732,765.704,1237.51,578.766,352.023,236.026,988.166,574.969,325.013,3.16635,229.09,1225.7,1278.95,1071.47,536.581,19.8604,1280.4,816.128,25.4163,637.985,1015.18,535.45,735.127,257.881,913.35,387.335,88.5998,591.293,1229.4,156.704,787.802,86.036,
120.223,54.6829,102.053,2.7102,63.4798,1023.4,39.6245,279.893,702.296,1227.68,747.043,1210.15,448.653,359.221,496.067,569.359,225.003,997.93,546.003,326.751,250.72,1197.11,1278.2,1074.32,512.9,2.88855,828.411,687.127,724.127,574.748,1019.08,749.627,383.732,940.622,82.0323,547.642,1216.11,796.529,171.427,107.265,
162.132,9.05475,75.2021,691.888,20.5428,31.2124,1055.61,940.499,275.986,391.263,14.9687,663.218,1203.35,215.396,416.904,1184.27,495.225,554.154,324.241,1014.13,291.423,528.904,1171.89,1073.56,838.784,492.547,693.016,735.144,554.807,1022.6,-3.10268,306.468,372.635,194.786,763.266,960.553,67.7454,141.594,1200.72,776.391,505.266,
1104.51,40.6832,669.235,1082.46,416.964,264.965,1266.62,726.034,209.423,628.774,-5.19855,382.737,1182.49,490.953,684.536,1027.3,1165.29,537.102,728.425,305.053,309.369,1065.42,518.342,1148.38,844.929,467.937,698.612,501.85,582.299,742.904,1025.92,41.0763,154.497,776.893,980.557,58.0094,179.49,768.245,460.953,
1102.02,648.213,5.49509,1105.95,971.562,449.959,739.734,210.182,262.033,1243.47,1279.07,975.032,1051.59,667.701,0.0384831,349.749,485.888,595.701,520.026,1158.97,716.957,284.784,1053.43,324.913,508.417,1119.68,848.244,1278.93,603.328,704.339,72.855,750.143,1025.76,112.964,1003.84,789.443,43.661,206.036,769.323,
42.5115,1069.47,633.855,1130.05,483.95,980.278,755.112,211.925,650.337,1061.65,262.559,1043.24,1264.88,1216.47,470.342,313.716,981.832,566.052,1150.74,497.805,1141.25,696.623,261.711,1043.04,340.861,1089.53,492.354,851.706,317.655,1265.54,108.153,620.309,1024.84,712.09,413.828,755.726,78.2554,1031.09,804.638,16.9314,232.77,770.65,
850.271,40.0699,0.101813,1041.35,1156.73,620.427,516.615,972.363,216.824,766.675,637.596,1275.62,1063.34,259.601,442.769,282.931,991.976,1216.44,513.351,1135.96,674.364,234.917,1034.05,325.401,368.686,853.253,1058.34,306.203,467.18,373.005,288.578,152.023,1242.66,637.275,1024.27,721.918,759.549,1062.24,48.2774,819.903,21.6474,771.425,265.405,148.01,
1038.73,17.8641,847.551,1187.7,-0.885364,1018.19,547.277,606.173,220.877,773.085,972.807,633.058,1271.41,1072.25,415.541,1008.35,1190.27,483.395,1118.99,1026.38,656.134,211.108,-20.4235,325.75,387.782,284.599,854.94,1031.33,399.123,438.696,262.9,190.71,1212.86,653.748,1010.73,305.313,1093.44,18.2339,361.044,30.3512,834.215,292.008,772.065,146.713,
223.453,11.0445,1019.04,505.334,1214.7,849.745,570.892,220.67,775.048,999.562,586.033,629.48,974.456,1083.34,1241.4,191.035,237.56,394.029,1025.79,1099.88,459.99,1078.04,647.982,186.151,35.3428,325.818,261.316,857.872,243.762,1007.19,413.142,220.191,990.179,670.3,1179.56,1096.8,252.498,326.792,847.898,323.363,154.808,773.387,144.245,131.88,
222.506,999.869,518.191,592.058,1240.55,773.924,214.898,849.169,616.059,2.86637,558.854,1088.25,1218.48,175.994,244.414,370.243,1164.16,428.163,1109,453.588,1054.27,325.377,243.066,639.958,157.63,69.5536,861.807,227.434,976.43,242.404,394.678,687.777,1148.87,197.469,1068.81,63.6633,31.3823,1281.95,296.353,166.722,862.757,358.081,1139.21,775.648,124.602,
611.676,1261.53,975.524,775.041,547.383,210.884,600.429,850.017,18.3738,538.078,1095.79,956.181,1197.43,975.309,1008.02,142.503,235.515,348.638,439.563,1136.07,391.704,231.392,324.891,867.904,624.039,209.668,271.257,703.616,383.185,81.588,1059.32,137.51,1124.03,31.1631,1249.52,172.607,277.046,390.644,878.924,1112.12,774.146,109.043,
347.304,779.138,1274.27,204.507,949.676,580.151,51.2864,851.959,1107.15,522.009,1.43179,1182.17,926.041,96.7623,224.828,317,325.392,216.499,420.83,354.22,876.948,326.271,188.659,466.587,603.788,466.702,918.941,304.519,926.594,1277.94,719.896,88.2263,368.894,1051.75,81.7053,795.504,24.0967,1100.61,168.281,1209.43,752.745,398.806,1097.4,91.4974,895.201,249.772,771.284,185.668,123.711,
787.184,182.917,916.631,219.422,83.7583,586.482,1118.33,857.15,513.97,1168.17,0.777035,981.984,896.589,978.12,59.474,301.368,403.137,888.407,319.549,159.264,476.144,172.304,587.465,89.1716,488.264,891.352,342.232,1279.97,897.451,736.985,3.10099,73.5072,1035.72,346.061,28.1625,153.605,811.586,1169.16,1073.69,746.706,1077.11,86.5254,379.307,137.526,914.479,776.4,863.078,199.304,
176.784,553.806,356.199,882.798,217.776,111.991,634.769,862.486,964.187,509.344,-2.91806,869.596,26.5297,980.553,160.558,203.334,272.219,901.527,492.769,125.888,396.075,325.764,275.763,1000.91,214.563,860.551,511.928,377.888,68.5116,581.028,1267.89,873.702,753.661,1009.57,137.565,62.1308,1130.43,312.851,825.443,88.7672,1048.58,741.208,135.966,369.874,932.354,796.51,159.178,864.043,196.724,
542.841,848.254,370.391,141.388,218.258,948.733,874.551,661.171,503.928,-1.20653,847.753,-4.83519,135.341,983.354,193.199,238.53,916.468,515.891,90.0595,326.443,395.061,1119.44,967.419,229.253,1037.51,827.873,251.359,405.987,44.7979,1243.67,771.843,852.848,984.405,121.236,46.0413,1088.2,279.78,90.99,838.555,132.789,740.087,350.228,135.794,952.747,
674.584,817.056,170.709,1164.04,390.545,939.346,1108.88,220.31,895.452,686.252,18.3217,494.586,113.397,829.282,988.217,184.749,931.754,539.395,208.827,58.3278,326.082,391.9,1143.85,937.763,798.563,183.494,1012.33,427.894,557.465,285.286,18.7777,562.179,1215.89,111.478,961.347,1037.98,21.118,137.263,87.5158,257.772,849.538,326.835,986.214,125.28,742.17,973.626,
682.025,935.263,1176.46,790.03,1083.88,413.939,29.7726,914.818,716.127,87.4731,478.647,802.394,994.652,559.926,33.2947,937.597,325.886,770.439,382.11,1163.12,912.735,445.589,980.81,140.334,323.6,574.835,-0.890284,111.484,1188.4,541.065,939.707,795.278,144.632,-0.680031,73.03,306.987,116.859,243.858,748.05,
934.472,689.267,1187.29,233.073,1059.29,755.62,47.8468,436.907,229.805,933.817,56.0914,751.251,456.9,1278.88,9.60764,772.119,578.408,1002.31,923.609,169.178,1.19752,326.432,746.669,371.969,464.589,1176.57,890.924,955.401,364.78,588.742,1162.1,921.332,520.313,149.098,817.641,1006.05,964.017,767.767,61.8998,293.387,102.492,798.038,1009.36,942.922,756.208,226.099,
927.094,1197.25,696.149,259.173,1036.32,73.5012,718.766,26.732,238.134,457.618,954.87,784.916,433.182,0.193468,1278.91,591.418,1276.14,742.653,1011.93,916.726,179.518,722.633,9.61119,326.447,486.989,351.708,1190.09,112.904,868.64,404.137,52.288,604.847,1137.57,148.038,989.202,833.104,507.19,924.983,743.877,281.339,74.9618,847.635,884.417,804.211,1031.31,927.547,764.67,202.387,
899.637,1204.82,283.226,104.887,1015.31,3.52552,246.503,972.887,474.592,815.533,411.545,599.369,1271.31,1264.11,915.293,1020.23,46.6684,184.241,326.929,513.547,333.903,98.2717,1207.39,437.205,5.38814,623.291,141.256,1113.19,966.748,868.945,263.927,501.678,720.573,853.662,898.853,819.774,1048.49,771.831,187.558,
1211.29,10.3952,137.618,307.434,878.278,997.289,1.69839,254.218,991.061,482.73,608.797,841.256,1250.69,390.295,1235.66,8.38324,911.348,197.679,75.3447,1025.38,176.49,326.871,544.667,177.154,1268.55,79.6941,321.195,1228.22,795.167,1278.37,464.078,138.759,644.881,1084.4,239.577,487.445,697.021,1052.19,915.725,866.429,823.491,
1216.28,-3.19902,677.704,156.493,332.569,983.534,858.813,12.7485,621.248,699.515,260.893,1006.05,621.145,485.293,1230.53,860.445,370.995,1207.24,47.1681,636.836,105.237,917.7,200.292,683.683,578.419,326.977,1028.04,1244.92,180.059,58.0412,822.103,314.414,816.536,138.703,927.367,1250.17,762.899,667.283,489.792,1054.28,2.60293,866.314,214.841,806.157,34.0364,112.308,4.67373,670.826,465.758,93.3522,1051.77,824.066,
43.1665,-2.70233,358.437,668.203,967.314,54.5219,837.618,588.278,697.239,264.923,637.158,1020.42,1209.75,487.564,1180.89,882.103,87.0613,355.984,600.051,138.702,202.872,932.019,610.619,326.686,661.741,39.1341,1029.57,1207.66,180.059,795.442,917.173,141.754,308.14,792.753,517.61,189.453,1021.59,770.801,841.53,23.8876,137.508,37.8589,642.365,442.322,129.848,827.622,1046.68,941.543,308,
384.599,44.4281,951.678,84.8687,664.79,812.289,552.784,268.561,1185.34,1029.67,1154.1,131.035,490.436,566.804,911.35,343.96,951.806,633.671,31.5148,326.907,635.031,1175.18,1033.75,176.633,768.407,906.33,145.326,299.524,1278.67,1189.2,544.185,165.507,776.484,991.426,26.0179,736.439,161.989,828.342,70.6293,616.104,828.024,170.552,430.493,1044.83,277.127,
407.918,956.187,30.3236,121.066,665.302,518.197,782.386,267.239,270.233,1158.36,1278.91,1120.99,1038.92,541.404,495.274,942.759,1276.58,332.587,968.335,32.2972,652.193,328.701,606.481,1152.4,1127.17,1035.07,742.26,889.797,149.433,1145.14,572.718,962.383,748.687,2.74923,52.7474,888.5,184.951,921.095,815.089,108.875,946.14,822.996,592.707,419.006,236.048,228.185,
433.821,973.272,15.0652,151.89,1271.99,485.709,754.808,701.393,1105.09,518.835,1266.58,1042.41,34.362,502.316,319.066,668.499,1268.95,330.214,132.419,720.36,869.983,581.051,1115.17,1041.51,1102.8,597.023,257.527,759.629,207.092,82.588,646.031,934.925,143.039,793.438,958.168,814.285,1050.77,200.051,984.263,574.35,199.655,
462.572,973.552,-3.23497,165.2,1245.84,713.369,455.673,0.650126,659.642,733.338,1072.81,711.9,492.532,1239.55,29.0036,1044.91,226.553,683.448,512.113,995.437,298.847,329.521,1256.64,119.262,702.527,849.847,561.363,1068.76,106.445,144.488,1060.32,620.444,777.251,242.95,619.59,712.733,193.521,114.639,614.057,142.343,761.168,165.972,804.06,1052.92,556.243,202.017,
491.019,180.707,964.822,1208.36,726.445,425.532,644.625,287.197,461.401,14.1622,-0.897294,1044.32,271.164,230.534,1207.21,-6.31926,694.173,513.853,112.459,276.932,328.092,689.332,837.321,1239.93,77.9468,544.659,130.442,1019.93,887.183,936.861,647.816,581.395,707.041,790.462,682.075,231.846,586.971,119.183,132.377,727.993,793.123,1064.68,216.324,
517.096,199.399,1169.94,962.26,734.868,25.8906,392.522,317.345,983.457,428.38,1041.98,0.464411,631.403,704.767,1058.76,10.3013,227.816,501.886,21.4555,1178.29,1279.57,113.902,827.993,677.604,328.116,248.96,56.4586,999.912,1215.49,1076.91,523.773,118.738,856.222,546.453,675.402,807.09,669.329,563.325,98.6051,228.724,785.747,1077.7,709.341,937.115,
541.03,220.695,1128.9,742.468,957.626,1.11799,58.5653,953.798,1015.92,320.917,1082.75,680.972,626.724,11.6056,299.462,488.982,220.962,1266.16,1152.86,820.324,1036.42,658.26,1077.87,328.394,229.111,65.9892,970.672,1188.5,1086.04,496.489,109.974,824.659,505.966,706.671,824.375,161.606,221.023,1033.39,654.716,198.303,990.113,45.9559,249.076,537.051,784.357,117,1089.51,921.036,698.859,
563.555,242.058,755.37,1089.7,10.179,81.9265,954.37,913.196,349.351,985.382,1104.73,35.1803,701.58,478.03,313.672,211.287,810.565,634.859,1225.92,1031.76,707.073,331.06,217.465,77.6571,943.266,1163.07,1095.22,999.662,893.228,467.212,105.419,793.178,465.834,740.428,144.48,1047.49,844.049,258.256,640.609,7.11309,998.323,173.409,788.126,1101.66,906.681,503.667,118.241,690.514,367.06,
587.225,775.393,261.979,1051.45,38.2171,95.5178,953.607,420.24,331.949,877.493,290.782,383.255,1125.28,958.958,84.6911,45.2238,140.832,704.724,475.542,202.248,797.08,322.184,1013.67,1194.47,330.157,697.78,91.0829,203.48,898.158,1016.21,1142.92,1102.09,850.068,763.343,104.744,771.338,1056.53,132.488,866.19,289.483,294.696,628.119,1009.4,1113.53,793.086,897.904,157.284,459.654,412.563,129.771,
617.118,800.906,1013.04,282.05,62.2511,104.43,446.924,303.761,843.632,953.466,260.983,1152.7,177.974,930.188,713.083,776.904,209.618,330.165,1006.13,620.859,1163.9,1051.13,329.755,690.994,102.887,1086.43,869.97,182.049,1027.94,807.774,736.133,1060.43,103.553,298.982,800.917,125.106,345.414,1127.27,1020.38,795.616,606.092,146.888,1259.88,151.818,
817.505,974.032,79.0883,304.451,110.332,466.442,272.086,807.94,88.0806,955.665,55.6168,224.854,1174.75,901.607,456.07,739.258,218.16,332.54,1131.45,330.237,123.22,610.836,690.485,819.14,154.085,765.793,4.14119,712.452,1064.47,1110.73,832.28,101.251,403.756,120.897,1135.95,792.381,1032.45,576.17,202.316,1255.64,476.364,172.633,131.04,
650.325,14.927,89.565,938.339,559.275,323.073,120.032,486.098,234.292,769.12,98.9833,63.9805,961.183,257.685,187.22,873.364,1181.68,545.739,739.882,230.319,558.022,334.397,1095.18,112.481,605.29,692.482,785.315,1040.56,129.696,723.583,29.9468,1071.29,692.522,104.365,935.42,1125.26,781.552,439.6,1044.32,214.358,1247.61,526.241,
692.38,83.6231,896.634,136.309,340.606,515.979,194.699,728.985,288.726,439.773,967.144,849.859,760.313,151.05,720.628,1203.11,243.566,524.6,1057.55,339.353,121.282,605.824,1054.95,754.337,691.793,1012.9,55.2104,361.073,1082.37,682.254,259.201,671.25,888.492,1123.42,1056.45,882.477,101.106,951.921,767.258,1110.21,1056.25,485.165,248.128,1250.18,540.73,
718.92,574.723,70.5887,857.808,152.386,363.386,519.41,155.826,92.8855,693.48,100.07,335.922,1273,437.338,774.17,704.25,973.305,828.724,114.983,1225.98,1001.27,251.555,985.089,493.619,1022.2,342.034,105.361,1062.51,604.062,374.68,23.5859,1096.55,992.414,639.301,218.456,100.191,645.099,878.379,1117.25,390.476,120.44,73.4036,1030.97,753.484,342.888,1102.3,280.042,1256.24,1068.04,521.996,587.296,506.654,
172.482,383.903,460.708,660.768,124.609,365.467,440.236,599.621,777.499,681.28,1260.69,504.563,807.381,74.7541,1242.81,956.376,260.933,468.145,329.399,989.592,81.8613,1060.63,1113.95,48.8667,184.422,976.348,861.733,616.746,393.259,1114.75,116.519,744.693,60.145,1094.47,1260.58,303.546,320.266,1081.75,561.265,624.662,631.831,
193.072,774.81,403.475,629.905,434.785,146.214,396.217,772.931,640.984,1225.28,785.666,31.3517,924.734,1254.73,266.083,445.818,329.089,959.686,392.244,63.9354,1053.97,632.622,1131.54,77.5271,388.749,661.921,149.861,840.866,957.431,53.3879,1130.23,103.965,743.502,320.993,1260.31,961.213,1084.99,42.7718,600.85,1095.89,305.31,651.857,
800.996,111.086,173.869,579.041,423.515,628.049,41.3293,596.737,158.036,405.525,764.977,1197.25,-1.97612,758.904,974.466,1243.39,890.019,1010.04,267.016,329.296,416.671,926.983,389.501,49.5263,1041.23,1146.03,81.6491,597.657,111.635,520.059,374.424,822.957,647.431,567.503,1148.14,931.035,24.3522,95.2711,1256.13,336.715,749.17,0.406274,993.037,1069.63,32.4602,1032.42,1110.69,971.793,291.371,
800.996,111.086,173.869,579.04,423.622,628.058,41.4116,596.737,158.036,405.525,764.977,1197.25,-8.38534,758.834,974.462,1243.39,889.956,1010.07,267.016,329.284,416.671,926.983,389.513,49.5446,1041.23,1146.03,81.6491,597.687,111.446,520.059,374.427,822.957,647.444,567.503,1148.14,930.917,24.2976,95.1724,1256.13,336.715,749.132,0.406274,993.044,1069.6,32.3699,1032.26,1110.69,971.793,291.371,
804.591,683.779,456.85,544.315,525.326,160.145,589.852,754.422,340.843,752.295,700.947,1131.22,1243.04,1022.95,832.338,953.842,447.664,329.479,349.897,272.425,852.552,118.225,1163.97,1023.38,334.934,23.5924,804.757,395.571,526.219,440.808,244.894,50.9814,169.501,519.475,46.8704,1186.97,634.488,1238.75,374.809,568.14,877.459,39.0611,746.155,752.178,1063.56,710.157,1134.14,21.5741,
153.088,158.357,510.476,569.84,747.807,787.316,304.397,1248.12,677.062,805.695,942.482,1278.35,454.839,328.897,1168.46,134.223,280.247,1005.64,8.72922,489.148,281.651,200.524,498.103,25.4351,402.194,639.085,59.9455,556.421,861.993,740.486,790.477,1050.88,743.178,1146.49,21.2518,
464.768,137.765,784.5,159.208,743.831,528.117,823.867,271.225,656.686,1241.47,770.879,464.144,931.217,1276.19,1173.37,152.752,981.479,459.635,411.856,337.167,-4.5357,474.9,233.781,1219.25,78.7448,431.723,999.988,644.657,988.244,839.985,734.059,529.237,0.797131,812.633,1040.84,775.449,1163.23,22.6185,
329.438,549.913,122.587,781.089,746.03,173.028,533.151,860.576,240.558,637.795,722.863,1237.14,747.717,478.505,1237.86,923.498,1178.98,796.648,176.143,961.875,748.044,266.711,313.69,6.25044,321.89,417.73,1240,266.791,95.1134,1211.22,987.704,980.289,645.831,721.341,0.797283,1036.59,525.354,814.814,1171.84,471.673,
357.156,583.224,202.512,572.49,103.136,898.156,1282.08,208.144,498.165,1236.73,706.321,619.452,1209.34,997.198,1082.16,918.989,315.781,1186.83,783.64,328.168,1278.84,201.447,945.225,717.103,232.636,260.336,44.0268,1278.71,121.062,309.447,475.723,1209.15,4.80179,973.439,971.409,640.15,708.273,58.0198,1029.69,464.821,1181.84,521.731,
615.147,748.648,448,452.807,227.823,600.419,455.072,82.4594,796.919,935.761,1243.05,514.817,171.621,674,1238.3,1179.06,601.341,317.291,1091.69,1198.92,765.854,328.237,1259.79,219.417,686.022,398.398,217.071,82.9772,174.671,490.768,432.932,1210.41,960.999,39.4977,964.602,696.308,458.917,630.092,94.7781,1023.07,821.979,773.171,881.184,591.055,
183.562,426.106,647.373,744.241,248.025,616.701,69.9726,969.419,808.338,527.503,1202.38,1147.09,640.149,130.667,577.288,313.042,1100.26,749.946,328.383,236.324,1228.78,655.015,431.442,295.469,1278.76,507.484,1253.17,1213.68,447.12,948.281,60.6731,451.987,962.513,684.02,132.792,621.124,833.567,1016.66,904.953,751.754,583.695,404.49,
303.225,402.084,736.474,166.166,672.236,266.405,596.011,429.61,1010.76,58.5502,813.591,534.307,1167.28,1111.72,596.002,550.729,1244.62,95.0336,741.614,310.34,1098.48,276.822,329.011,251.726,1196.57,618.595,215.387,461.746,527.083,251.516,338.847,405.316,462.523,937.05,37.0851,388.755,440.142,671.991,169.06,841.448,1011.17,619.154,574.449,415.099,
265.183,385.329,157.536,694.602,3.14933,282.11,587.113,1049.37,1295.11,541.965,45.0408,1132.73,811.99,1080.53,573.692,741.475,1255.41,522.897,62.7985,1089.82,318.843,303.26,274.442,330.036,241.56,1168.77,488.229,197.376,567.686,1199.25,1236.48,210.915,316.868,939.055,449.503,23.3331,417.931,657.979,435.192,857.391,205.123,549.418,1006.1,725.082,622.275,
248.569,361.202,63.6673,721.798,8.68285,300.107,153.887,1088.22,357.239,565.801,416.293,1259.28,28.245,540.13,805.686,744.662,1274.03,495.877,1274.35,1085.44,299.757,26.93,828.08,319.064,268.399,235.127,1227.54,28.2666,296.684,163.358,70.7043,950.92,418.03,470.97,14.9594,646.781,882.168,530.422,243.208,742.621,
724.038,503.393,46.0684,736.131,32.509,750.67,318.472,570.312,1125.87,319.056,1236.79,142.462,398.932,1022.16,1061.77,744.571,509.98,11.904,1278.52,799.127,473.432,1082.08,1278.85,883.997,-0.801188,272.608,892.116,802.193,320.23,1164.29,594.467,1215.32,514.86,269.406,2.00958,1117.18,515.004,274.235,128.519,414.831,959.046,484.893,949.098,635.517,928.2,896.326,764.432,279.343,1006.77,685.582,626.891,
4.9913,499.719,19.3682,757.54,45.5098,783.381,582.397,336.065,1160.5,1217.79,280.766,994.774,123.4,385.308,739.613,1022.88,479.9,1280.59,-1.82803,1080.15,452.099,796.529,1267.23,875.006,247.359,873.137,337.171,776.459,1143.85,616.457,1197.98,315.905,497.87,250.584,480.959,74.442,1087.32,410.847,458.032,962.483,500.345,47.4008,452.656,941.623,623.901,493.687,791.862,943.756,1020.79,315.096,696.006,626.625,
13.9437,499.934,53.5086,590.109,1197.8,353.436,1201.45,248.932,963.522,988.111,729.737,447.63,1277.76,376.148,113.255,864.686,1081.42,430.989,1273.89,800.776,220.741,851.331,746.563,637.103,495.806,226.01,445.132,1053.05,969.916,61.3547,517.257,932.78,75.9726,485.389,612.44,505.909,821.84,967.157,1033.03,712.851,630.573,358.576,
60.3549,500.381,609.304,1177.22,595.169,819.499,370.074,1243.23,929.149,221.345,953.728,722.521,111.158,852.924,1087.73,197.18,328.69,716.4,652.941,501.867,202.474,403.934,21.8132,470.621,998.3,9.01366,98.1208,924.082,468.696,105.409,534.944,602.005,853.982,506.368,722.914,985.243,628.613,384.902,186.055,
69.8884,619.526,500.986,1154.23,615.639,1260.93,387.302,193.38,916.225,1280.19,376.916,733.43,836.019,376.694,1098.22,96.4594,164.104,328.635,665.686,680.838,350.355,510.509,419.194,182.496,38.2374,363.567,479.486,986.74,46.8921,132.242,919.456,139.615,554.69,491.618,593.693,883.744,728.295,1025.52,629.726,1002.08,1066.39,183.33,
626.902,1124.57,501.64,635.434,406.926,1240.14,332.48,879.731,163.038,745.388,1267.74,816.246,422.624,375.636,1119.76,427.331,366.442,790.791,681.218,831.688,334.14,647.14,523.127,449.821,49.2019,161.895,486.847,327.887,919.686,81.627,164.788,501.698,969.163,417.153,177.903,568.593,495.922,729.051,908.909,1038.91,1015.02,1059.08,467.649,186.193,
636.167,62.8587,1091.48,503.339,642.51,829.91,423.387,1217.07,930.019,312.185,120.372,1259.14,441.228,1142.53,85.5127,449.348,701.115,771.765,73.5261,830.573,534.941,51.7736,616.888,140.891,924.901,974.254,287.804,111.333,382.838,529.926,198.193,934.192,581.109,213.464,513.602,728.479,930.005,1042.64,1278.45,624.652,188.021,1028.93,493.227,
76.8645,1061.06,504.11,803.983,664.148,441,1209.03,285.649,813.37,965.692,74.6522,884.616,768.545,463.343,1256.72,472.36,1161.11,41.0739,724.802,755.839,552.218,823.451,591.497,120.567,942.108,965.068,350.889,558.443,244.931,136.419,234.14,902.946,729.811,533.164,245.641,945.358,192.087,1274.23,1037.54,509.719,19.1465,
369.004,1031.84,903.549,98.7037,774.809,503.378,682.596,458.004,776.828,250.852,1195.38,35.7193,996.035,909.615,488.615,1258.96,749.714,491.097,7.69606,1157.57,1060.88,741.922,1104.87,335.584,48.9109,569.822,54.2024,817.377,958.022,94.7985,329.819,581.692,952.78,279.414,8.33706,870.08,734.413,555.399,961.441,202.473,275.901,1265.18,1004.07,939.856,12.5656,
401.611,907.135,124.012,742.073,697.701,213.108,1168.69,789.206,3.78754,514.491,1019.27,934.213,247.14,776.783,507.857,259.623,1142.97,1045.29,1259.17,1099.94,61.5405,726.315,332.571,9.06275,965.334,819.292,310.182,606.171,939.642,325.35,37.1794,741.995,573.25,838.114,219.92,974.855,303.547,34.4097,1256.36,32.9383,
437.205,153.77,913.318,707.681,498.425,162.892,189.226,803.634,544.167,1146.04,953.98,1036.09,226.503,803.767,1024.4,525.043,1136.76,232.872,1089.37,81.7258,1252.75,711.114,333.341,536.961,42.1764,592.926,955.117,279.737,491.262,627.372,828.971,926.728,74.2917,363.118,750.93,594.782,132.371,232.663,984.79,812.64,328.594,985.174,1050.36,51.0392,629.154,1232.35,1033.2,926.104,27.085,
475.458,182.665,673.439,921.564,138.973,667.491,812.622,570.057,1128.15,211.543,973.521,1053.32,829.652,997.502,101.722,539.861,1077.01,1129.01,207.853,329.751,696.675,1237.54,550.696,338.373,19.9229,246.193,5.26778,946.219,459.754,844.504,110.831,41.6017,914.761,4.39139,762.96,622.562,403.158,994.706,85.47,791.261,74.6652,355.353,1202.21,19.2146,9.31575,
212.389,506.152,641.445,932.877,540.757,112.942,818.045,510.962,195.87,1111.76,5.55591,850.767,116.951,1073.01,1060.48,556.745,183.71,1118.39,328.346,674.085,566.763,1219.7,45.0866,205.391,329.741,11.0218,941.31,430.593,146.73,23.5437,774.257,901.975,855.772,273.209,643.987,28.1318,295.467,1000.16,441.8,42.2937,608.028,106.516,643.347,378.125,763.854,668.227,8.50362,
237.513,610.515,531.794,947.885,560.549,72.0034,818.047,700.962,516.919,176.126,125.901,862.655,19.6875,941.771,963.015,1045.91,576.412,1001.97,163.75,330.603,651.685,1206.98,19.2497,164.928,686.283,1277.12,314.938,17.2246,922.215,184.703,63.2637,404.021,786.506,278.481,655.504,320.03,1004.76,488.342,140.986,909.472,404.188,1114.83,943.923,1168.7,1065.58,
138.373,579.871,260.676,560.5,961.101,813.299,38.7267,558.083,521.524,37.0418,865.476,935.739,1082.19,1032.39,600.268,1107.17,143.863,1017.93,329.895,617.696,559.745,625.442,123.947,10.9244,1202.4,1258.11,897.168,95.7119,226.095,29.248,794.825,293.211,368.278,663.105,359.215,531.54,1023.18,167.545,13.9261,1135.97,429.897,962.061,703.157,1067.91,
543.635,132.932,283.031,700.233,952.946,681.108,807.541,7.07092,600.272,520.654,115.166,156.905,527.293,58.4973,877.309,925.35,1026.27,623.22,1141.78,123.89,1036.72,637.202,330.459,557.395,600.579,95.3724,4.01535,120.833,872.517,799.629,42.1957,328.926,184.118,654.95,566.602,396.665,1049.58,667.633,610.549,4.40802,1153.35,462.039,16.8902,1069.97,970.991,717.123,667.932,
195.532,508.585,303.405,117.005,941.16,805.451,84.9695,489.999,179.926,83.1823,891.619,531.311,918.613,1022.77,643.561,1156.36,112.257,1059.96,631.471,329.849,75.4022,789.661,0.0559912,745.254,284.342,118.623,800.177,198.701,50.0825,292.209,1076.23,430.91,676.036,3.10821,1171.28,606.226,500.203,979.16,727.22,667.358,
493.775,184.796,323.844,697.766,940.425,101.116,60.7941,655.46,461.431,195.491,791.379,103.36,542.071,1021.89,663.971,1092.37,1171.21,1013.03,333.019,613.993,1086.48,803.739,0.809269,552.422,312.531,1276.24,104.348,220.659,291.761,56.5753,1102.08,263.295,1.53824,683.481,820.817,455.609,1192.21,600.778,827.42,541.03,986.207,696.36,-1.61578,
710.189,500.993,177.725,928.904,722.056,346.671,37.3369,78.749,205.384,427.541,782.782,936.917,130.805,903.93,557.186,1020.7,687.858,1097.97,1183.16,986.144,329.942,822.483,1111.08,341.48,1125.59,1258.56,95.7631,251.932,295.021,1177.27,634.072,267.728,1128.14,229.375,1221.27,65.3581,477.219,806.212,819.495,704.698,965.009,
715.058,261.067,926.661,749.06,3.50523,481.669,168.15,897.4,370.615,210.398,390.09,49.7657,963.979,158.464,775.599,891.216,572.623,1013.89,707.464,1118.19,-6.6462,55.2073,960.465,1199.08,330.286,820.406,513.093,1134.72,376.24,1225.67,1096.09,285.044,93.3948,762.411,281.608,1154.87,627.257,1148.44,251.264,1254.72,188.427,501.651,77.0206,793.633,709.055,813.984,1118.74,984.427,
