981.36,913.391,904.541,855.316,813.839,792.44,781.642,733.432,689.512,697.533,674.591,651.225,664.476,613.601,611.108,606.052,552.182,527.031,538.37,489.137,481.219,453.855,408.417,393.119,377.823,367.662,352.298,312.215,289.651,286.56,280.1,257.189,259.704,236.528,209.14,187.764,172.278,183.141,144.213,135.285,82.2843,65.0502,45.988,-1.26009,
954.636,955.327,926.027,856.911,821.45,771.407,768.16,770.2,755.084,682.833,667.146,671.751,640.256,633.134,608.359,603.082,580.692,561.857,546.456,528.321,548.684,503.213,489.158,474.704,468.084,451.823,409.686,368.316,350.091,300.15,290.638,299.341,274.41,283.255,269.937,272.11,212.669,140.899,133.744,80.8677,27.898,0.976903,9.32419,
939.88,957.656,911.876,862.007,841.061,805.637,785.767,784.74,748.808,726.313,730.087,685.968,691.51,677.501,647.735,603.43,602.553,605.011,599.484,589.203,539.457,550.493,547.468,488.552,474.483,485.34,455.555,439.777,444.695,413.956,392.896,400.593,367.33,360.816,310.299,319.519,307.204,289.003,253.637,237.1,217.168,116.57,80.9167,27.8474,0.547706,9.07162,
935.177,908.814,908.251,923.53,871.875,859.308,841.333,809.384,811.063,747.017,726.163,709.623,700.134,706.848,684.938,653.828,592.694,611.768,596.908,566.098,536.094,522.748,542.975,470.02,476.941,423.906,438.59,395.7,387.071,371.668,339.871,342.639,322.439,332.754,310.766,311.09,278.984,255.472,237.98,214.173,206.121,203.194,161.062,80.0172,89.4373,62.0098,-3.4932,
932.265,900.881,899.024,885.272,894.476,871.205,862.356,829.139,832.152,768.827,728.469,702.987,695.862,701.489,682.692,648.393,644.775,637.935,613.456,595.694,583.651,554.962,524.091,535.232,490.19,477.402,432.873,403.143,389.473,372.628,364.881,338.869,337.965,330.272,278.65,284.763,210.787,222.314,201.369,192.919,167.258,94.5024,80.7767,76.7395,64.5668,7.43616,
934.684,905.026,891.244,897.877,864.087,838.601,849.171,788.883,748.603,696.618,708.588,672.286,667.176,664.56,659.146,633.347,593.858,576.027,527.774,521.014,489.494,509.075,502.615,488.933,440.264,425.827,411.718,386.904,393.527,395.506,395.647,358.143,364.748,350.016,306.948,283.31,217.728,201.159,207.014,193.846,127.553,84.8093,77.3714,47.4999,36.7918,14.0684,1.01774,
940.421,926.299,923.431,880.623,867.653,843.737,829.666,800.649,774.151,738.938,687.771,692.069,692.622,622.865,639.456,635.419,630.211,594.799,575.151,548.026,530.535,500.724,515.716,488.812,485.069,449.802,421.054,405.579,393.443,402.979,383.661,401.473,381.01,317.822,290.662,291.546,235.98,202.752,189.694,196.302,92.6026,91.7129,58.797,22.393,7.78425,
951.601,945.581,950.135,928.082,925.23,897.76,888.508,871.534,849.809,809.28,798.731,797.05,769.436,723.103,718.134,680.731,634.582,597.906,609.385,605.086,604.116,580.147,586.071,566.664,553.275,533.082,508.07,525.39,470.938,461.911,423.967,414.773,418.654,393.935,390.553,416.779,391.108,396.246,409.257,395.812,366.53,328.457,306.818,263.079,247.628,202.852,190.334,177.921,101.925,81.3073,60.5494,44.1921,34.9437,22.6924,0.948078,13.071,
957.945,954.003,956.121,954.574,942.576,945.842,905.774,912.131,862.668,863.621,817.549,793.039,760.592,740.952,680.009,649.415,641.606,604.406,611.137,589.086,563.556,560.126,579.991,572.8,528.75,524.809,466.76,462.048,441.403,439.617,428.641,419.542,410.534,386.711,411.615,402.594,390.585,326.871,331.663,258.299,234.424,202.743,206.283,161.848,112.296,109.096,70.6916,48.4388,27.7304,32.0408,10.9571,4.7224,16.6595,
913.465,940.808,954.244,933.539,904.266,885.674,853.966,845.618,825.574,807.048,795.858,761.911,743.166,731.262,687.304,680.406,662.896,635.105,612.537,603.771,598.911,571.586,554.03,538.921,547.207,524.202,470.998,479.847,448.591,453.197,444.514,418.372,387.121,406.989,398.485,396.028,395.425,367.686,340.672,290.245,272.293,215.746,207.925,206.341,144.25,119.95,118.513,62.964,66.838,20.3063,4.15956,14.0028,-5.51718,11.3025,11.4362,
950.47,963.066,936.065,935.451,907.749,894.998,866.389,845.063,836.696,825.333,832.617,786.748,773.022,717.352,700.768,706.994,677.309,652.489,622.531,612.357,606.266,572.149,548.109,516.044,524.619,492.919,523.264,507.006,477.171,472.066,426.256,392.584,395.9,399.865,379.548,368.965,368.643,346.923,357.081,345.838,295.466,252.01,218.435,216.99,179.563,127.293,120.033,127.606,63.2133,32.2604,29.9398,19.2926,-0.158238,
950.451,963.066,936.276,935.451,907.749,894.998,866.389,845.143,836.696,825.333,832.617,786.748,773.022,717.315,700.768,706.947,677.309,652.489,622.531,612.357,606.266,572.149,548.109,516.044,524.66,492.919,523.228,507.438,477.115,471.758,426.256,392.584,395.825,399.882,379.548,368.966,368.624,346.964,357.104,345.9,295.466,252.037,218.435,216.988,179.563,127.293,120.033,127.659,63.2238,32.2604,29.7961,19.2926,-0.158238,
963.482,935.172,927.372,904.505,874.954,885.916,870.384,836.939,838.073,813.965,800.685,769.705,713.072,692.851,683.939,652.067,638.796,647.799,606.202,585.91,599.573,573.441,584.63,570.802,561.4,535.412,537.338,491.939,488.525,481.674,477.387,482.489,468.713,426.614,401.626,371.675,363.197,386.572,348.033,325.067,317.416,294.848,300.307,307.547,251.514,214.421,172.225,142.961,148.053,120.265,104.754,92.3001,92.3298,86.2167,68.3513,44.7274,
957.168,956.549,956.848,958.569,943.665,922.497,921.89,900.708,877.049,893.888,876.391,863.399,797.202,794.129,794.78,732.43,703.494,682.438,660.597,636.255,602.313,626.221,613.081,596.1,603.075,586.867,584.753,567.928,534.022,529.42,488.88,485.522,453.708,427.037,412.503,374.588,354.142,356.448,295.796,310.522,295.398,295.466,264.878,273.794,214.088,167.337,149.752,131.482,126.073,120.038,97.741,84.0458,89.4722,61.2016,26.8223,
943.44,937.043,927.509,914.803,914.706,880.594,893.829,825.579,796.068,777.48,750.665,725.696,658.583,654.577,601.06,587.797,572.239,577.907,529.368,521.91,489.408,493.559,437.529,421.295,430.628,409.973,388.821,347.877,328.135,307.888,267.786,278.395,273.677,251.321,241.757,215.594,155.314,162.534,158.942,94.0456,91.0139,88.1333,59.3535,-2.0355,13.8546,25.7596,
957.627,956.484,948.673,944.083,934.153,925.023,921.161,933.227,877.131,859.752,796.258,765.323,774.476,751.346,682.55,605.734,588.576,562.123,552.137,542.887,517.42,514.355,508.172,489.09,484.664,457.476,423.852,433.61,400.91,378.147,341.879,317.91,298.073,269.229,242.425,250.279,242.49,221.487,205.544,209.336,197.267,183.676,159.965,109.937,89.6667,49.5642,5.45367,28.3917,-9.08546,2.17451,
957.977,939.027,937.001,918.044,907.25,927.839,889.609,866.169,796.619,797.279,768.059,615.789,581.057,569.092,566.403,546.623,529.638,528.571,507.488,501.452,503.155,491.988,481.848,432.892,423.763,417.261,368.545,359.893,323.229,274.451,240.299,228.497,228.484,197.379,197.967,206.184,192.06,162.393,177.007,130.21,83.5104,14.042,3.14152,6.33043,1.03176,16.1354,
955.197,927.546,911.129,896.339,892.729,883.72,855.034,818.578,798.689,788.162,746.443,653.522,649.429,629.214,609.8,606.312,576.374,579.633,585.28,552.798,526.443,511.064,496.138,504.25,498.602,487.948,497.621,440.476,422.216,401.067,370.699,354.264,328.272,339.705,254.647,222.067,213.439,164.155,163.203,170.185,160.248,139.007,144.858,72.3173,29.5387,6.86763,13.347,
973.818,924.38,903.243,875.718,875.482,852.979,842.848,843.693,674.598,659.858,644.969,627.406,623.567,604.159,593.424,604.225,578.704,597.032,561.487,507.174,519.906,485.377,456.871,464.434,422.183,384.345,376.289,332.33,348.251,242.233,234.408,202.63,189.605,163.379,135.781,110.814,58.3031,40.1402,9.89069,15.3393,
926.883,924.027,894.637,861.349,867.932,865.912,819.759,804.594,735.614,696.148,663.711,658.59,634.36,622.023,606.027,623.999,584.075,572.042,558.105,540.412,507.008,519.52,479.676,471.775,425.714,430.65,378.944,363.767,368.43,332.516,341.721,321.012,283.134,263.057,243.748,233.365,186.327,181.665,163.486,119.115,90.7836,110.421,74.0153,46.8325,41.1739,48.9925,21.544,
958.036,922.253,884.719,867.588,828.914,765.957,729.566,710.799,662.136,661.917,649.171,641.946,642.812,618.891,611.369,587.753,583.554,571.796,559.961,556.928,539.164,531.374,511.152,501.125,490.964,485.235,475.598,465.419,437.628,396.862,371.656,381.128,353.822,355.423,335.879,255.689,240.074,227.921,225.856,182,191.46,196.248,177.204,165.008,152.17,93.7152,84.0142,78.7256,43.4985,25.4968,36.3162,
951.862,930.941,865.296,874.668,844.699,844.464,720.214,717.092,726.57,692.799,666.657,659.775,662.97,661.847,662.735,631.746,617.503,587.178,596.985,577.88,573.118,559.499,537.465,531.242,519.141,515.538,490.839,483.809,486.453,456.511,391.443,391.037,366.032,339.463,330.292,234.042,225.421,220.344,228.094,216.21,194.963,168.238,165.849,138.821,108.504,70.3626,68.5555,61.0384,57.7341,58.5868,14.1613,7.07547,
942.974,942.244,943.621,878.971,888.977,864.222,859.442,791.76,738.035,698.005,703.443,688.938,661.932,664.559,685.958,680.8,622.265,611.633,600.45,581.456,582.652,566.672,529.326,524.304,508.988,512.561,489.457,477.686,487.373,474.078,431.764,399.694,337.303,327.243,315.932,325.345,241.897,220.56,225.89,211.843,197.473,194.822,172.458,151.359,135.91,134.836,84.0538,70.0595,74.4341,31.8199,7.72212,26.294,
937.339,934.056,929.982,884.553,877.689,851.252,777.445,742.144,710.574,701.19,692.356,686.82,696.362,668.393,664.496,656.423,657.313,623.469,614.4,591.033,572.551,565.696,538.67,534.97,509.158,490.86,497.389,483.466,403.343,303.773,314.332,319.586,303.632,268.302,196.6,177.123,159.711,170.63,75.973,88.3671,12.6031,8.69877,1.01902,
932.24,900.584,904.536,837.332,767.452,777.08,732.179,705.994,700.39,714.898,672.177,673.92,663.769,621.242,631.139,640.034,594.152,574.764,603.536,565.995,556.581,544.779,552.787,511.479,489.985,451.876,404.981,362.627,296.436,311.432,298.7,291.383,266.462,192.289,181.779,128.736,115.709,124.907,102.144,83.1704,89.9949,-8.77278,1.45291,7.03145,
957.88,960.827,929.188,926.073,898.836,823.536,823.409,762.396,755.935,749.217,732.592,697.953,698.716,685.062,661.399,646.629,616.65,611.102,564.997,573.753,566.233,558.731,543.933,559.711,527.507,498.389,488.629,464.576,408.164,400.082,418.861,360.815,319.208,291.963,307.918,274.36,228.502,219.14,182.737,150.033,147.781,117.584,103.245,95.5724,103.015,100.119,69.7895,17.6132,2.43429,
947.253,932.287,877.208,861.559,837.195,836.144,810.861,763.51,772.345,743.914,749.102,695.157,713.715,700.976,659.704,639.361,635.622,590.78,570.366,561.97,549.55,538.428,538.558,519.475,503.513,488.779,488.571,483.544,460.711,397.33,392.732,364.297,383.597,348.465,290.008,303.185,252.871,230.541,247.607,192.223,157.061,137.527,113.193,86.9678,83.9635,75.859,32.942,48.6493,24.2858,-1.8004,17.3357,
958.068,917.859,921.965,893.155,880.388,865.628,841.384,821.508,795.889,766.975,730.639,703.704,657.692,658.355,628.731,599.228,575.904,566.556,542.875,531.985,528.443,520.182,488.756,493.975,466.641,478.69,398.588,370.104,376.114,282.744,299.483,276.442,231.597,159.48,151.559,140.953,129.472,70.0415,65.2381,43.5112,49.7787,41.7204,25.1469,23.2859,26.1015,
932.292,920.563,914.255,877.871,859.674,857.764,850.583,804.81,785.822,780.353,746.064,718.912,722.137,707.388,683.602,654.85,644.519,624.962,612.7,577.619,535.12,530.722,519.79,517.992,510.89,514.066,489.575,471.378,439.467,405.266,402.016,377.093,307.701,292.882,268.927,209.114,176.873,174.721,149.858,142.802,146.04,136.992,130.063,82.6952,70.7943,45.5603,48.4752,50.5767,42.7756,8.59093,7.6166,19.2981,
941.621,934.317,900.297,872.717,866.649,851.386,847.061,795.363,805.839,761.059,762.861,745.555,729.493,704.484,705.964,690.834,650.394,611.671,607.032,603.748,589.991,574.502,541.75,530.093,545.159,515.299,510.058,489.998,470.201,424.999,412.671,332.298,341.362,283.846,200.972,200.044,187.277,172.594,146.882,139.466,127.635,91.9316,79.7866,61.8282,33.0948,2.05874,25.6489,-0.0240479,
956.347,937.37,895.976,885.718,869.937,833.6,827.753,818.304,796.122,781.329,777.479,732.678,742.874,709.852,696.938,688.43,650.243,623.028,608.31,594.506,589.987,568.303,562.791,556.739,528.206,511.099,505.342,506.968,489.907,461.919,447.807,419.6,369.967,313.372,229.335,175.243,156.236,142.825,164.4,113.214,96.3768,79.6604,92.8784,41.7594,54.5585,11.2754,5.85229,15.7731,1.36052,15.598,
964.591,949.247,929.176,900.937,898.031,878.448,849.273,813.885,792.846,805.257,793.947,787.366,734.393,701.234,667.697,656.956,661.361,645.717,626.182,627.505,585.233,573.993,571.516,574.222,558.138,523.384,508.816,508.348,494.676,468.021,450.774,429.98,396.276,398.482,315.501,314.781,228.045,232.079,169.486,139.853,104.267,120.537,101.752,48.5571,56.4641,45.9417,0.0309711,20.2794,5.9287,
923.582,924.652,908.886,893.301,880.359,868.829,829.582,800.131,807.436,776.762,705.638,682.235,677.351,660.138,640.772,636.306,643.111,596.489,572.924,587.859,571.237,547.239,522.592,515.006,486.711,505.936,440.659,444.134,425.328,393.735,288.211,270.179,187.38,200.413,125.613,101.84,118.839,99.1503,96.5242,77.1443,56.6098,-7.20779,2.71056,17.2665,
958.565,904.401,901.457,903.885,899.201,889.629,870.642,857.175,820.201,792.617,757.95,720.702,738.627,711.07,693.715,689.421,665.735,666.589,636.151,642.2,621.232,614.825,573.909,570.4,536.816,522.36,524.486,525.927,480.587,464.262,450.068,434.294,432.484,387.4,279.693,227.706,207.817,202.26,146.85,125.356,135.079,102.562,112.798,97.5864,98.1654,58.7376,27.5173,
973.224,899.018,910.319,884.134,891.489,877.975,875.372,866.822,832.005,780.211,750.904,741.101,724.844,719.58,700.643,675.064,642.11,649.45,636.865,563.463,548.697,529.171,526.253,524.044,489.852,476.457,490.573,477.266,443.59,429.129,383.031,363.093,331.257,268.986,230.335,225.906,228.476,193.071,201.1,156.055,178.493,148.357,121.807,113.935,102.355,81.1746,55.2335,42.4419,
954.228,956.843,929.141,894.774,900.926,879.34,862.315,864.529,849.741,830.773,847.348,759.46,733.304,729.433,711.635,697.253,674.331,639.249,607.559,573.109,543.257,528.228,525.118,534.264,515.898,490.257,505.786,489.447,463.763,434.875,396.546,327.486,307.211,257.032,251.021,250.014,231.209,202.37,191.341,185.064,164.873,135.19,110.295,92.0628,50.6016,62.625,
934.045,869.003,849.357,855.011,830.494,817.592,743.222,738.295,740.269,719.144,713.46,720.959,681.188,690.85,643.347,578.189,579.191,541.774,526.12,536.54,536.318,506.786,488.469,493.33,445.138,388.391,383.723,350.753,329.615,331.359,292.331,272.339,270.897,257.532,230.181,242.854,216.1,214.333,197.589,189.643,154.794,151.516,115.779,111.378,82.4405,47.2808,42.1337,
957.962,943.053,940.335,869.032,856.58,842.003,815.177,783.954,725.809,730.085,708.228,703.319,675.209,659.011,579.337,568.011,558.544,543.262,522.642,519.086,521.685,499.17,489.1,455.233,462.982,396.451,369.801,359.278,359.272,327.671,323.921,303.405,305.782,296.12,291.64,265.635,235.959,226.598,201.842,207.703,176.934,170.865,111.727,66.0189,50.433,72.5271,25.8853,
957.864,958.27,958.163,933.993,885.261,835.997,842.009,802.201,755.3,739.538,717.257,709.576,714.159,676.538,679.192,592.816,589.796,563.038,538.766,532.662,526.954,509.034,508.697,488.934,462.567,403.745,370.229,358.542,341.655,335.952,327.168,337.129,314.579,284.356,255.006,233.87,194.922,193.189,190.663,139.959,110.429,56.9525,30.8214,11.1848,2.5423,
960.45,934.482,902.375,830.212,824.791,788.543,755.33,731.771,725.218,701.478,698.029,687.037,612.915,587.009,537.312,527.889,527.917,514.413,513.46,496.898,488.431,406.801,388.801,384.712,375.12,357.236,369.882,339.7,321.754,306.374,277.315,243.635,215.284,193.361,189.403,139.407,143.08,117.491,64.6972,2.62181,7.85768,
939.927,921.504,818.986,804.596,793.809,763.49,774.094,771.772,739.479,719.464,679.837,637.445,586.219,539.448,520.168,523.618,514.792,499.88,498.367,488.784,487.479,482.408,438.258,416.677,405.567,404.058,401.978,335.096,344.603,347.601,325.518,291.953,281.309,286.657,229.421,190.572,213.103,190.493,150.171,140.875,120.208,66.2217,
945.735,936.679,806.214,789.904,806.584,787.853,772.103,746.68,761.969,760.885,661.096,588.385,543.545,540.547,509.546,504.875,489.876,498.636,482.886,459.854,436.01,440.62,442.528,426.678,418.814,434.611,402.391,397.297,360.442,348.234,355.947,339.315,327.292,306.649,309.537,314.333,240.968,247.344,198.049,194.674,203.054,160.511,147.984,126.247,93.2161,60.3939,6.62439,12.4107,7.25843,
958.359,952.002,947.591,817.91,767.603,744.599,650.193,588.489,565.806,552.609,500.718,489.38,483.96,480.645,475.84,454.436,449.752,467.169,431.617,410.969,403.329,406.902,413.472,378.753,367.108,346.216,347.894,313.096,321.952,328.828,250.551,209.378,216.549,202.742,199.439,171.239,154.219,135.287,92.3827,54.346,19.8948,
958.773,955.598,942.803,939.774,829.178,748.939,750.159,725.945,630.232,629.589,590.652,593.35,567.289,504.057,488.717,503.717,474.955,474.645,490.964,452.317,426.964,410.033,394.728,395.942,383.864,366.45,352.051,348.971,348.571,324.535,301.968,232.839,206.681,191.34,182.652,196.064,153.041,146.861,97.1513,91.3094,49.8757,38.955,3.87238,-13.6949,
954.488,932.611,919.59,910.675,865.74,839.258,807.216,810.523,757.483,747.529,704.272,628.127,616.491,605.638,585.766,584.134,556.311,540.309,511.952,494.463,488.899,459.257,427.407,401.219,372.814,378.14,360.153,354.528,333.839,273.103,254.97,210.913,195.095,188.443,160.174,164.351,144.266,103.991,87.7679,51.5535,67.4114,-2.15915,22.4909,
921.664,881.903,848.642,814.408,821.204,762.55,760.432,718.098,744.759,714.522,682.648,633.146,616.633,597.146,583.387,587.103,588.401,577.183,542.205,532.819,498.65,492.267,507.688,488.91,482.103,456.052,411.426,385.874,373.719,332.542,338.143,305.592,271.52,270.791,211.927,174.173,183.429,132.921,131.128,134.77,96.3681,100.01,43.8663,
915.268,857.187,855.64,817.73,834.039,776.285,758.419,756.365,722.363,710.095,706.818,607.583,598.159,582.509,566.17,566.811,550.416,528.587,494.499,494.619,486.155,493.934,448.048,458.332,403.143,391.349,351.731,326.038,326.916,314.408,268.117,287.816,255.409,209.749,146.008,123.399,136.421,108.763,96.1968,103.252,75.809,
939.213,917.31,896.778,865.706,848.462,820.411,828.226,794.037,751.494,752.227,734.253,699.836,699.518,612.742,584.197,577.813,576.006,567.734,536.408,536.817,506.768,496.543,493.779,464.309,454.023,437.854,401.014,408.742,340.976,323.133,328.776,269.501,239.872,202.985,180.126,167.837,121.493,131.114,118.93,95.7396,105.413,52.3854,77.3821,56.3109,
956.07,924.626,876.787,874.734,859.286,827.264,815.37,800.721,751.482,751.779,746.95,691.047,687.615,702.518,675.437,638.166,614.809,615.25,586.319,584.305,561.07,560.357,534.117,509.242,508.14,501.182,493.309,456.234,445.196,440.573,422.005,420.083,400.906,347.828,252.09,125.384,121.451,112.012,105.659,75.5134,48.8765,43.7186,
956.07,924.626,876.842,874.673,859.293,827.258,815.377,800.895,751.474,751.764,746.959,691.158,687.609,702.485,675.425,638.165,614.806,615.25,586.319,584.28,561.079,560.357,534.132,509.242,508.019,501.235,493.324,456.234,445.187,440.635,422.031,420.083,400.906,347.639,252.09,125.384,121.442,112.012,105.645,75.5134,48.8765,43.7186,
948.443,925.945,894.612,871.245,852.161,846.092,831.048,816.505,782.31,761.683,776.914,731.658,724.461,741.66,736.184,656.583,650.261,642.733,615.62,607.665,607.107,588.171,579.195,549.297,546.773,549.767,525.201,485.47,479.002,463.903,446.948,426.98,429.84,399.281,396.325,383.656,362.51,351.34,276.598,254.205,249.151,196.669,167.947,138.37,136.107,113.246,107.743,115.272,71.7933,87.2411,58.5857,40.0202,1.10481,7.24303,
958.343,912.477,892.001,861.65,838.865,814.747,807.255,788.365,785.23,756.387,768.189,725.998,722.85,707.949,665.678,640.786,617.552,616.586,622.822,584.88,568.596,571.214,547.016,547.967,522.298,483.925,472.78,436.572,442.474,421.362,401.48,390.489,376.043,348.735,365.637,290.433,279.788,241.625,241.803,200.069,148.427,138.964,131.489,137.071,96.8307,99.9069,61.7989,58.2772,1.3298,22.785,
952.209,929.758,915.49,918.487,893.361,866.992,850.252,830.372,790.867,787.032,802.233,748.153,761.069,728.64,712.487,685.148,664.351,676.912,622.615,636.436,622.433,617.502,596.518,582.561,574.913,548.456,547.461,537.598,527.042,485.319,479.993,469.611,440.984,433.254,413.889,417.204,413.232,356.079,346.181,314.066,253.187,230.019,229.681,211.604,216.763,164.903,163.671,146.875,136.827,145.36,81.3061,82.1461,79.1616,55.0581,60.7892,33.5433,2.68794,
950.123,934.992,930.215,915.769,898.221,875.642,878.151,820.029,791.91,762.571,746.822,743.469,735.685,728.535,705.525,683.891,660.195,632.534,612.248,594.916,564.535,537.889,544.877,519.799,493.255,491.025,481.728,458.861,432.333,422.147,405.951,407.767,386.182,333.877,345.953,333.88,330.53,271.24,254.101,236.373,214.281,207.764,193.615,153.588,156.135,143,136.941,100.196,64.7938,67.2331,44.9878,59.1654,2.15478,4.61217,7.04126,
940.283,948.079,936.798,912.914,912.532,897.152,880.706,866.47,809.577,794.104,751.206,727.088,714.808,706.075,687.641,625.61,629.454,611.941,602.587,581.513,570.329,490.772,498.825,497.755,478.254,461.255,447.177,422.706,409.494,402.506,375.55,346.199,356.01,318.51,286.851,286.432,301.944,271.449,264.139,217.144,218.204,190.389,159.573,146.089,131.718,42.979,44.2043,37.5164,40.8805,1.97829,1.17695,12.0131,1.00716,
957.339,949.689,945.667,879.937,873.96,889.267,881.578,864.578,797.573,796.408,781.564,759.453,742.817,732.016,715.497,688.286,685.008,644.367,633.083,624.068,605.941,598.736,584.515,519.254,490.342,478.622,476.454,466.56,460.154,431.579,414.869,400.638,402.257,380.186,355.816,346.945,313.111,284.755,282.624,274.459,271.361,240.123,236.537,177.699,162.433,170.425,162.422,134.685,103.218,128.02,42.6763,45.0085,1.81482,1.56681,9.3676,13.4609,4.78071,
954.089,904.264,881.819,868.204,858.481,850.005,803.854,805.793,779.498,754.102,757.951,655.288,644.755,659.155,637.602,628.057,611.744,568.604,584.264,545.547,544.776,491.438,479.261,473.722,470.903,463.022,438.009,423.118,401.929,403.033,358.184,337.175,321.53,296.041,297.235,258.346,254.949,252.797,241.029,189.833,193.388,154.553,136.951,52.4808,37.6241,42.4909,-0.208144,0.315479,-1.82283,15.7238,6.86577,
958.142,889.164,892.632,856.38,856.942,830.447,779.186,744.618,763.769,675.607,642.296,658.06,627.151,571.426,557.37,523.525,491.453,479.299,478.913,444.657,442.072,403.201,352.912,317.544,309.269,292.583,271.214,275.981,228.114,191.766,211.209,196.936,146.742,128.13,116.744,106.798,52.1626,42.8561,34.6166,1.41256,-1.2403,7.35668,1.6414,
892.143,879.329,853.984,843.74,835.932,795.312,748.009,687.484,644.002,647.017,619.01,590.123,594.404,529.937,503.754,491.372,487.127,484.007,461.428,453.223,461.4,441.737,406.066,366.784,366.246,351.198,336.799,325.675,332.035,321.749,300.458,275.232,277.074,258.904,191.649,205.241,182.324,178.659,151.259,124.692,129.749,103.387,94.2589,49.8928,37.2846,32.3021,8.14063,8.18699,0.816858,
891.012,875.262,856.066,813.104,807.89,808.738,777.063,755.877,732.773,696.684,669.508,651.493,614.121,608.056,567.194,490.829,488.842,501.378,479.056,487.046,453.326,457.29,384.007,381.304,360.496,322.393,326.528,282.853,251.463,197.054,182.199,186.369,154.674,137.346,146.768,144.197,115.295,128.488,96.4669,109.75,44.3696,45.5785,31.8855,28.7135,12.9679,
957.432,870.296,850.77,823.086,793.88,787.004,773.318,752.164,756.329,740.129,710.536,723.371,687.169,663.222,636.445,610.615,584.116,530.773,491.493,498.561,494.952,479.425,458.219,469.502,472.3,435.48,407.006,397.885,387.365,352.873,313.006,289.899,224.865,210.762,191.641,171.846,161.82,168.421,164.271,132.573,146.473,105.87,86.6746,103.784,46.6551,46.7758,40.0541,20.1932,10.0179,
948.185,876.526,841.793,827.976,838.854,837.289,780.837,789.119,766.683,765.103,761.035,743.192,727.541,671.461,679.319,597.487,556.424,506.931,504.393,519.355,498.995,491.915,478.305,488.047,439.584,445.834,431.792,419.854,414.087,404.493,362.546,377.99,310.579,284.127,198.068,199.633,193.206,176.597,169.213,143.276,149.363,99.0514,57.6389,67.1649,43.4781,34.9168,26.1942,28.6084,
899.042,881.911,861.113,839.566,842.716,816.853,820.141,766.473,755.371,761.637,755.591,752.388,735.273,673.793,668.392,579.889,546.439,517.226,524.816,513.534,508.924,491.253,481.828,466.788,441.492,423.77,419.348,422.148,396.104,401.502,365.947,308.566,280.467,222.168,224.432,194.736,194.895,171.111,149.907,125.61,94.9843,70.3438,41.2277,48.3804,33.8374,28.8655,39.7829,17.1295,1.01774,
875.922,851.207,852.686,817.194,771.239,761.83,748.307,741.17,735.604,564.376,572.776,531.746,539.791,532.333,474.304,461.057,431.982,423.615,387.21,402.172,376.773,303.75,298.234,255.81,256.465,235.766,234.976,201.838,156.598,151.084,140.548,92.4178,71.1422,91.4715,55.1945,37.493,24.4049,21.4271,24.5692,
885.036,862.894,830.656,802.637,806.405,789.783,775.758,750.713,742.672,737.494,717.957,721.209,676.047,611.605,597.855,549.203,540.201,564.613,556.883,462.437,448.358,445.397,398.633,388.152,378.523,319.028,301.585,285.328,273.142,253.583,242.703,178.63,158.928,146.223,139.523,120.467,119.875,87.6499,69.7539,72.1548,33.131,1.25472,26.8896,0.960111,
895.155,866.08,875.404,856.48,813.277,762.978,745.166,741.382,748.861,720.484,681.979,622.49,587.686,583.71,576.392,546.392,528.19,515.266,491.159,483.044,464.361,465.568,445.672,443.757,433.192,425.976,414.901,389.383,356.206,335.38,301.046,314.356,313.252,268.761,183.833,157.253,165.385,146.12,133.482,96.0759,77.7989,56.9901,49.4408,39.8851,41.2457,6.9904,
941.652,910.66,891.17,863.921,855,823.432,815.379,783.57,776.851,737.392,743.914,700.7,688.985,640.54,611.93,578.337,568.984,553.873,520.347,543.497,515.9,503.781,490.76,486.342,455.822,444.814,419.113,429.148,410.366,405.577,353.281,345.061,302.462,323.9,294.77,292.538,254.162,188.729,158.018,123.943,74.0182,61.9135,66.8729,77.2525,62.2795,44.5876,40.5205,11.7248,19.1715,
957.153,928.103,909.626,857.737,840.369,839.643,819.141,806.609,790.599,751.468,739.007,700.468,684.786,653.886,641.574,566.193,566.165,548.833,526.913,508.335,495.611,469.952,447.442,430.021,385.643,392.881,382.619,382.654,305.18,318.414,309.927,281.302,294.771,260.131,237.427,191.428,168.794,164.362,111.892,81.6206,63.2468,68.1325,49.1542,71.3177,38.3025,42.4537,17.7722,0.170911,32.9464,
957.263,928.078,909.586,857.766,840.369,839.448,819.092,806.602,790.599,751.534,739.007,700.409,684.766,653.831,641.568,566.374,566.145,548.834,526.931,508.454,495.353,469.991,447.442,430.021,385.735,392.677,382.619,382.697,305.146,318.498,310.06,281.302,294.763,260.179,237.431,191.437,168.798,164.362,111.999,81.6206,63.2387,68.1727,49.1343,71.2355,38.3025,42.3579,17.7303,0.170911,32.7849,
939.563,946.406,864.349,866.477,847.738,829.6,806.15,800.203,777.726,692.85,671.697,683.922,603.708,606.45,566.252,557.727,508.866,496.572,464.229,461.511,457.362,370.517,323.361,316.982,296.42,321.15,286.091,245.495,204.359,211.966,188.02,95.273,90.8113,60.4883,53.3155,50.8679,51.6346,58.875,-0.4503,
957.303,943.418,887.108,877.191,865.434,843.437,829.66,812.062,786.361,780.98,713.768,692.87,661.272,624.474,620.674,576.631,584.8,512.343,495.993,487.876,473.971,466.091,449.397,445.714,415.188,396.865,325.873,318.1,335.505,316.406,304.556,298.862,277.299,240.599,225.446,194.206,112.377,54.493,71.7354,54.8338,57.1099,-2.48908,
956.895,909.989,892.14,843.541,831.983,816.894,811.464,773.776,759.565,732.709,700.529,644.391,637.252,635.189,615.489,573.156,530.623,515.179,507.366,491.806,474.355,459.298,429.292,420.414,435.17,419.634,336.661,329.875,315.507,294.062,274.117,257.229,269.316,193.252,204.063,130.255,123.707,82.5925,97.1682,57.2108,55.4861,57.6966,49.7247,4.06272,1.04989,-20.1974,5.95038,
937.443,903.498,846.067,835.701,827.875,802.139,812.522,761.416,751.636,736.765,711.53,645.063,655.052,644.314,623.137,569.699,569.129,545.296,491.824,456.085,444.655,405.191,405.542,400.94,345.483,349.998,313.262,278.233,268.82,243.49,188.981,179.112,147.968,145.705,130.989,85.6774,76.908,73.1213,55.0467,44.0758,34.4922,42.5866,17.0633,1.54095,25.1978,-3.98479,
958.595,888.017,854.814,831.129,825.62,827.039,783.775,770.203,754.191,728.116,715.394,680.052,672.549,653.966,605.803,610.78,574.554,581.058,491.354,469.932,476.627,419.895,373.958,319.572,258.773,221.433,170.127,160.406,148.194,97.6857,96.031,86.7059,55.593,54.3142,39.7673,36.3238,21.9479,36.2379,14.351,
875.363,865.307,843.378,814.447,822.449,790.735,765.56,746.355,744.462,705.572,703.317,695.427,670.831,647.809,620.298,593.152,585.42,563.47,491.862,504.354,490.696,478.003,440.597,404.523,400.35,370.747,334.757,324.95,251.885,249.22,200.159,195.352,189.028,179.991,96.7095,36.3512,21.058,28.314,1.67638,
878.337,801.731,753.816,724.722,692.675,677.299,681.159,533.349,494.433,491.67,429.333,389.681,359.224,300.293,330.551,251.409,230.625,215.051,209.325,189.408,174.551,128.286,114.026,106.432,114.242,63.7311,35.4063,17.1184,30.6395,0.132658,
890.319,812.794,793.723,754.166,763.198,716.302,703.874,660.677,622.546,573.37,558.494,491.498,481.422,450.838,409.505,379.298,376.893,372.405,320.99,291.501,285.371,258.168,238.212,222.843,223.845,204.115,150.914,135.339,111.177,114.643,108.078,90.5858,70.9356,68.0809,36.3754,10.6106,30.2045,1.04053,
900.895,815.972,789.087,791.875,785.596,744.95,751.496,742.167,687.842,646.193,651.655,582.961,556.945,533.708,490.455,474.909,465.579,426.498,389.603,387.25,370.03,299.88,274.031,267.787,255.593,238.041,207.196,180.463,156.84,139.596,120.359,105.207,118.115,99.0319,78.5599,39.6294,43.1969,4.05966,23.1298,0.481907,
908.435,820.303,785.565,787.245,781.234,767.475,752.15,734.453,672.566,684.717,632.283,604.466,527.925,490.816,483.861,442.037,394.125,396.469,365.136,273.464,250.301,250.29,244.775,239.757,190.448,185.33,165.943,161.893,122.648,128.012,104.729,81.653,87.1725,43.7664,23.1063,23.997,2.59691,19.836,
911.46,908.182,856.776,830.729,818.862,826.206,805.923,779.824,788.128,769.925,742.238,722.791,713.117,657.758,627.751,615.208,552.073,527.838,513.096,510.942,508.207,490.108,457.147,410.502,360.994,267.772,269.703,242.16,245.236,224.308,226.958,216.716,197.173,181.05,188.663,154.643,152.201,122.435,104.302,82.6155,49.4128,57.2389,20.087,7.92503,-1.09759,
908.472,864.63,839.628,789.869,768.065,721.437,700.069,637.873,655.889,644.706,595.598,566.431,549.094,544.373,548.39,540.997,514.95,504.703,502.097,490.303,473.841,470.918,435.722,356.208,355.047,271.148,217.431,224.799,203.729,217.103,217.622,201.936,185.327,171.481,177.381,136.295,119.881,103.439,82.4327,53.6494,16.7329,27.2666,13.3398,
947.091,905.923,901.691,900.361,887.714,856.864,838.58,828.695,804.527,784.824,782.983,760.532,751.264,716.895,707.178,684.761,671.572,636.63,635.142,575.821,564.425,574.734,573.7,554.031,518.81,501.62,491.733,486.666,462.018,442.692,340.074,270.885,236.885,232.824,224.247,216.502,187.995,170.904,179.264,193.447,163.396,156.95,114.559,116.325,102.443,83.9033,56.686,18.7876,12.3083,10.3818,
958.033,967.088,932.592,921.736,903.837,899.993,893.009,877.104,877.607,831.67,829.064,810.834,802.792,781.826,763.466,730.496,728.482,701.074,693.167,647.76,638.328,625.424,607.745,588.903,600.754,567.932,551.62,523.952,507.638,497.792,500.729,476.247,414.395,319.584,297.405,293.731,268.012,266.557,239.869,234.353,226.82,181.202,175.209,166.545,170.521,138.678,106.305,93.1,96.6923,88.223,57,27.7344,6.97376,0.943692,
957.975,952.177,952.061,943.08,894.148,892.39,906.583,884.975,882.644,835.167,826.321,775.666,747.361,737.569,741.257,723.942,673.802,658.164,641.777,634.126,617.677,613.706,617.716,583.251,531.646,530.215,518.591,518.209,515.623,491.375,487.039,387.865,314.889,297.317,294.016,266.589,232.608,191.777,169.315,154.089,147.35,96.7441,94.7274,80.1043,39.3699,5.61706,1.29056,
941.694,932.932,928.689,887.287,883.582,893.657,878.875,854.071,843.085,847.232,850.649,845.633,769.112,765.887,757.701,731.061,695.828,657.341,642.077,652.126,626.172,640.777,632.915,621.949,610.72,543.408,535.17,526.84,529.712,509.863,490.675,490.706,369.883,323.727,267.197,265.125,220.638,164.455,111.016,100.406,73.3792,-0.167329,9.26349,
958.441,948.303,930.347,918.567,903.679,876.211,876.569,874.303,844.463,854.699,791.85,764.518,776.771,729.988,673.585,679.785,673.328,657.621,660.636,655.538,651.465,645.835,614.657,622.341,627.116,608.733,603.984,557.696,552.643,532.607,543.383,506.269,489.705,492.17,395.807,356.374,328.988,272.668,235.282,232.812,164.04,104.64,102.517,70.4163,20.9103,-1.01052,2.24499,
948.004,950.114,925.335,911.543,901.085,894.368,873.785,816.789,811.625,797.376,759.062,736.546,760.226,691.027,699.498,670.359,675.134,673.612,655.298,671.471,617.274,594.206,604.979,599.111,578.157,552.295,556.093,529.029,489.863,476.489,411.622,360.269,350.113,324.909,320.432,281.58,244.737,208.515,164.098,104.952,91.6482,82.8523,65.181,59.9033,29.8296,0.990722,11.9362,
956.858,932.441,912.249,910.423,897.064,884.181,868.974,835.058,834.72,812.5,820.989,756.755,740.991,717.783,696.66,609.838,593.888,590.504,575.953,566.159,568.621,550.146,554.931,489.783,461.086,371.371,321.643,294.607,297.818,256.033,186.323,167.032,104.036,98.6703,81.1009,68.1164,54.6289,50.4619,38.0493,32.0848,
958.606,947.03,924.702,915.674,926.073,894.302,887.914,873.361,857.986,855.077,856.8,846.703,829.891,809.294,783.448,756.596,682.828,626.499,605.839,589.076,582.622,579.071,558.017,555.722,555.073,534.419,489.553,447.241,387.932,322.106,307.901,167.007,161.63,104.393,112.675,79.1686,71.2082,54.2857,49.3622,46.4221,46.9863,34.1699,40.1161,18.8973,
949.1,933.13,916.497,920.48,915.808,920.807,889.55,886.157,868.809,873.598,875.372,858.848,848.165,797.699,788.55,759.793,693.398,648.82,644.156,597.996,586.56,575.95,573.95,522.18,526.454,519.543,489.863,457.731,433.291,426.597,395.417,325.837,317.099,131.493,136.07,107.087,70.4284,67.1208,71.7487,63.3973,53.157,25.5811,37.4594,31.1487,1.64103,
956.871,960.417,942.791,948.062,901.735,908.307,890.38,876.188,864.065,882.327,804.099,779.663,772.161,760.347,750.343,672.165,611.173,594.264,579.505,573.953,509.288,489.891,500.587,481.087,478.791,451.502,417.172,404.435,330.734,320.638,290.443,233.361,151.557,112.189,110.192,101.345,98.7709,64.9629,53.8923,28.6867,24.3877,12.853,
959.332,956.988,949.73,935.498,929.381,918.047,906.682,869.833,817.682,798.947,770.383,761.635,600.518,576.882,568.441,553.26,515.871,490.43,503.329,475.423,481.154,437.576,398.185,335.7,319.008,298.923,245.865,211.313,169.842,134.66,118.097,115.233,117.643,88.4228,50.7871,44.7855,11.137,0.842035,13.221,
953.754,955.533,952.15,940.879,920.18,926.5,875.078,869.428,860.135,830.504,854.351,827.574,810.579,773.202,768.901,605.781,581.512,556.506,562.404,535.92,526.46,522.283,490.884,490.996,466.743,472.997,434.01,429.074,400.901,377.242,339.263,310.437,307.291,244.365,190.801,173.322,162.78,130.954,121.928,91.6048,70.6793,37.4948,40.8873,3.635,0.473343,
957.757,953.821,952.507,942.919,938.934,918.786,883.509,867.245,838.482,811.541,774.945,768.198,753.504,730.947,682.893,608.853,600.441,547.278,551.364,550.963,511.195,503.301,474.899,457.478,438.007,428.626,392.285,393.525,339.659,356.125,314.417,301.268,245.266,185.694,160.842,164.692,144.775,134.597,121.743,66.1614,42.5314,49.9741,26.6301,-1.33038,-1.15581,22.2703,
952.823,954.614,948.139,940.424,915.503,891.997,867.794,821.862,832.156,786.369,737.794,682.902,681.983,693.559,623.355,609.115,577.587,540.718,501.449,490.173,463.106,460.78,468.753,410.748,374.422,367.323,337.566,336.76,321.463,300.17,249.424,214.368,154.597,160.1,133.985,139.726,120.602,40.4475,36.7484,13.4917,6.21021,16.8502,6.74498,
959.571,943.771,917.189,909.93,924.906,877.167,895.152,858.145,852.613,806.749,802.673,721.988,678.7,672.865,641.287,654.613,607.01,601.588,539.446,545.455,502.997,520.811,489.803,445.261,433.074,399.665,366.247,334.454,338.885,303.43,257.591,250.768,174.535,148.296,130.931,121.865,113.909,37.3292,52.4731,8.6659,-1.25009,1.04644,14.0132,
943.2,923.414,906.173,920.157,912.21,868.652,860.804,872.352,821.106,800.737,705.731,667.273,664.984,638.75,603.035,618.555,562.163,544.071,510.845,489.665,501.187,456.445,418.644,383.414,393.836,358.47,356.53,305.397,303.96,308.689,278.827,270.976,191.343,142.613,125.479,124.249,95.6943,77.7511,35.2905,31.6941,
958.306,949.498,927.462,947.14,906.024,893.698,864.256,881.862,835.403,788.571,750.842,687.744,686.205,672.19,649.983,647.196,599.341,578.653,582.889,552.112,519.037,490.612,479.966,450.234,389.74,380.47,355.305,354.364,308.213,288.401,266.375,210.365,138.154,130.404,113.384,89.8877,80.5041,48.0151,37.1081,31.7464,-13.2738,
958.495,957.792,958.841,938.911,915.168,910.562,892.966,868.652,871.528,839.344,849.119,828.857,808.666,759.103,704.967,672.179,656.281,632.002,638.442,596.622,593.797,556.15,546.883,521.378,490.99,444.209,459.1,393.117,397.372,364.682,334.081,307.53,320.751,307.724,317.119,288.746,229.997,227.457,135.747,134.598,95.5897,66.0144,56.1455,62.4929,56.9136,44.5204,8.01631,
959.747,944.873,951.452,935.291,925.794,916.265,913.371,871.926,855.027,840.998,831.517,819.715,816.333,818.103,767.855,729.589,671.291,659.687,615.883,594.609,611.351,605.069,514.71,492.218,435.913,441.656,406.493,397.81,367.477,349.167,326.704,324.525,307.847,299.978,294.274,278.504,285.214,247.154,191.508,136.71,136.544,75.7251,77.0117,65.9325,57.6634,43.157,46.5483,7.34693,-1.42373,
958.414,948.259,933.54,928.479,906.853,868.206,860.289,825.103,806.596,796.597,787.544,757.164,646.383,634.008,601.691,605.717,545.127,490.798,504.166,469.616,407.308,397.628,419.986,346.038,335.98,333.575,312.262,303.785,260.906,261.376,174.229,155.897,138.021,135.102,87.373,85.1476,76.0829,57.3617,33.6969,3.73641,21.3884,-6.35442,
957.92,948.186,941.742,885.197,865.158,821.162,807.047,780.256,754.573,676.47,653.584,632.106,592.961,599.371,548.947,534.168,490.553,479.855,404.353,428.853,414.631,392.043,400.145,360.207,345.888,319.381,304.25,311.119,271.77,251.524,176.759,132.77,117.538,98.1652,93.3412,39.1269,-2.05025,8.9678,11.6731,
956.949,959.464,909.314,819.028,810.298,831.811,823.559,803.635,751.822,726.158,678.878,673.12,617.36,590.247,579.881,523.313,527.819,490.336,437.717,451.054,401.941,386.027,390.188,372.683,383.339,326.933,303.598,283.65,283.077,237.423,219.575,178.01,177.546,142.336,138.753,124.88,112.693,111.504,76.139,25.8,-10.7042,19.024,
957.939,956.12,926.186,910.795,862.189,841.893,819.718,842.672,822.332,816.184,797.837,795.996,680.876,698.517,697.151,604.641,587.887,554.677,516.378,489.989,494.329,459.42,420.58,385.547,402.385,371.772,367.052,302.304,297.907,257.216,213.847,171.884,184.584,143.694,140.503,135.103,133.28,59.1189,37.3585,19.2432,0.256883,11.4129,13.5635,
957.962,955.092,941.621,919.73,863.628,854.122,822.155,832.461,808.886,808.345,793.066,755.654,720.421,681.721,703.264,666.138,593.669,583.358,515.061,486.896,457.001,390.054,375.969,388.286,352.966,354.072,326.174,313.81,313.048,297.573,242.922,169.538,185.551,144.061,157.809,154.09,143.779,115.109,72.5776,15.2764,1.16888,5.42949,8.9226,
952.144,958.028,947.685,931.87,885.435,858.05,854.264,821.871,828.564,821.34,771.008,742.538,717.089,680.612,675.622,634.042,581.835,575.345,517.892,517.965,486.04,394.185,417.099,392.481,384.052,338.651,330.612,318.016,290.164,273.024,227.138,175.552,181.864,141.141,144.38,88.2548,2.92225,11.8701,13.2045,21.9001,6,
957,942.509,939.842,909.495,911.372,872.851,856.2,845.202,818.661,752.561,732.345,676.403,680.587,656.937,599.924,569.406,563.572,548.803,519.796,465.625,400.843,391.252,396.878,378.58,352.177,328.628,305.149,281.794,233.869,199.918,185.489,201.813,154.978,135.168,119.603,109.67,38.3136,21.6903,0.399289,2.02429,25.934,
945.98,933.298,929.711,888.053,879.361,878.544,865.957,851.612,860.195,813.454,732.495,696.655,650.787,643.565,601.926,580.157,556.828,547.232,516.758,490.186,425.946,404.565,391.587,382.244,376.788,321.299,338.712,289.37,272.451,211.862,189.766,204.305,191.343,172.386,160.213,147.673,124.904,138.095,76.8224,61.6099,36.1725,5.03014,19.6057,
952.071,949.676,927.259,899.838,877.661,847.301,851.674,844.841,806.789,721.137,665.591,625.574,630.712,606.857,605.474,546.041,529.252,507.69,489.785,412.576,402.035,398.373,372.195,311.916,309.195,274.879,296.452,263.45,259.717,226.675,212.982,163.604,168.383,152.448,121.44,127.11,87.9669,64.8287,41.86,16.132,
959.738,930.505,923.346,896.825,851.89,849.03,809.229,810.805,712.889,643.139,636.585,619.763,608.871,536.089,514.852,491.35,489.882,382.947,366.897,376.664,304.437,296.81,297.867,262.915,255.686,244.97,255.249,229.121,203.315,183.253,189.776,166.259,125.906,101.071,113.001,58.351,70.7475,63.2407,18.25,2.2312,
954.986,938.424,915.985,896.787,857.888,864.385,844.885,813.257,815.356,772.126,692.489,650.068,643.625,627.136,569.557,528.684,505.449,490.311,474.467,394.87,367.021,341.571,289.03,253.522,258.89,247.967,199.451,205.11,190.37,216.18,197.71,168.81,125.171,97.1673,57.9375,72.3937,25.2901,
965.613,938.39,936.748,906.764,874.176,847.342,803.032,736.23,665.812,671.758,636.005,617.562,550.856,557.78,521.083,500.668,491.227,489.175,461.804,458.014,436.228,415.599,368.592,269.567,251.872,242.792,258.497,201.701,201.977,180.134,165.069,122.255,114.285,108.018,103.978,62.4579,62.0116,36.7292,33.3033,0.921761,1.11706,
958.971,932.671,913.956,883.151,852.742,830.786,797.223,704.455,688.217,655.539,628.102,615.231,537.951,513.575,499.263,521.99,490.393,476.236,457.251,452.848,455.806,439.341,367.233,293.805,258.544,240.809,229.338,204.755,211.759,132.859,117.858,142.684,131.769,88.7679,81.4233,41.8944,61.6037,40.3652,3.7642,6.58333,4.2714,3.30383,19.5965,
955.825,942.365,919.263,926.887,895.112,856.908,829.333,799.274,713.597,675.372,620.023,642.119,617.706,528.605,506.542,499.334,504.999,489.655,491.638,466.863,467.549,420.535,374.124,360.329,320.096,257.549,241.644,228.777,226.097,199.35,205.161,168.343,158.334,105.707,103.612,78.6047,41.2727,58.7396,40.4045,0.162916,11.1249,-1.96745,
952.366,923.229,938.931,923.738,909.542,859.478,840.843,827.474,798.429,740.038,628.327,647.576,626.519,600.881,521.953,517.776,501.359,497.132,489.495,491.575,475.305,466.815,425.091,385.267,382.364,350.715,340.087,257.286,249.731,242.837,257.793,197.338,184.606,186.573,168.069,86.0605,74.132,64.0567,67.4087,34.7678,66.3338,45.8437,20.356,
960.401,926.859,929.69,927.06,893.375,900.285,860.199,843.31,832.901,789.169,764.13,634.552,625.086,609.472,579.408,539.19,498.703,507.642,490.022,490.623,501.887,472.954,438.9,377.11,345.567,351.006,338.624,330.041,288.642,279.246,243.515,237.423,212.87,205.289,216.014,193.392,163.322,156.131,94.0274,70.5936,65.8584,67.4369,44.8554,37.7084,33.812,13.0547,0.764916,
960.401,926.859,929.69,927.06,893.375,900.285,860.132,843.31,832.988,789.188,764.113,634.577,625.086,609.443,579.408,539.252,498.703,507.642,489.976,490.655,501.852,473.041,438.9,377.084,345.567,351.006,338.624,330.077,288.642,279.254,243.515,237.423,204,205.289,216.012,206.534,163.322,156.268,94.1332,70.5936,65.8584,67.1423,44.8554,37.6816,33.812,13.0547,0.764916,
957.927,953.622,960.503,949.204,937.658,911.151,862.832,843.346,825.904,826.597,796.686,770.781,645.236,571.275,582.161,547.955,559.05,503.984,490.844,491.543,476.653,463.88,389.985,379.107,376.025,344.643,368.024,306.992,265.202,263.818,243.957,220.507,205.756,164.201,139.967,150.408,109.492,71.0305,72.6598,77.8542,51.5534,68.3402,49.1263,30.8191,9.35254,
959.101,959.625,954.407,942.793,943.052,924.413,865.11,816.959,820.279,808.264,813.432,772.343,648.307,590.931,567.954,540.613,566.676,515.664,510.34,489.892,480.216,446.974,409.121,363.1,334.316,313.728,332.579,295.897,243.464,215.367,193.701,185.447,138.543,146.314,74.0395,79.9048,59.5357,45.9325,47.1743,0.99903,39.4379,-2.89465,
958.833,946.122,931.485,921.471,863.866,817.175,815.389,770.516,783.603,647.928,616.16,552.619,541.89,525.502,489.417,468.915,440.761,431.231,437.481,397.111,371.389,329.411,243.841,211.527,201.653,165.135,125.593,126.264,57.4556,47.5067,40.818,51.2837,56.9823,19.2194,
953.816,937.181,933.24,934.567,927.376,894.734,863.531,819.372,813.207,760.843,745.341,649.351,639.717,568.046,551.886,532.574,540.821,490.595,492.264,461.334,418.148,382.914,397.36,349.008,355.742,335.112,279.892,250.18,215.045,233.896,205.508,148.248,144.038,116.012,111.648,63.0918,53.1442,47.1939,41.358,36.3421,1.37774,21.9788,
942.638,929.559,916.396,919.509,893.283,867.145,863.803,815.297,812.983,750.666,713.582,657.286,663.703,590.253,536.392,538.117,527.666,491.115,457.405,453.036,409.752,414.416,386.676,380.606,335.515,309.604,282.663,232.54,249.424,208.186,219.969,172.301,134.917,121.04,105.785,110.141,86.1821,57.366,60.1896,63.1209,3.401,-4.67254,8.93671,
925.703,929.52,899.65,889.945,874.001,830.493,817.78,805.654,752.69,682.175,685.429,672.552,612.508,541.387,520.304,513.606,490.042,487.887,454.171,438.757,407.443,420.612,389.87,402.832,365.724,334.039,313.303,309.748,278.506,232.625,208.639,208.24,138.408,122.847,94.6753,93.4535,66.128,73.9051,23.1287,11.4818,
927.39,918.202,881.495,876.591,880.522,836.289,804.125,794.322,697.042,692.726,659.308,638.952,545.496,498.878,489.822,458.827,408.436,426.858,386.712,387.457,389.925,336.515,335.72,301.037,254.591,225.881,210.233,196.512,155.3,108.216,112.114,107.194,65.1098,64.202,68.0455,19.4952,36.709,
956.848,937.934,913.411,879.254,859.752,861.359,856.185,799.242,790.217,710.606,710.398,670.093,629.875,550.477,554.012,515.081,490.155,487.504,476.387,453.679,411.587,399.509,383.53,364.764,357.797,327.168,285.812,240.675,223.861,222.227,186.111,174.713,129.558,121.274,130.652,48.6054,10.9461,
958.152,957.175,913.612,875.425,873.961,843.439,844.023,791.252,792.702,719.709,728.242,703.878,594.596,563.093,555.117,567.554,538.409,489.473,495.182,478.13,481.88,413.024,404.974,396.655,392.276,313.788,325.752,277.68,252.745,234.718,215.291,219.402,192.796,176.129,170.32,149.069,133.528,135.955,113.893,-16.0549,26.292,
917.121,907.87,868.676,831.266,826.805,783.847,784.642,751.958,736.32,721.529,562.093,566.613,561.485,559.62,514.444,513.889,490.387,473.275,428.018,411.159,408.95,402.939,418.878,313.27,263.901,240.755,223.372,209.81,198.011,191.829,184.493,158.34,168.375,140.736,111.293,10.8603,9.82078,
954.501,946.555,919.083,903.329,850.356,823.091,812.087,771.412,775.029,777.36,766.685,726.455,595.417,572.499,559.199,534.391,490.805,472.51,459.48,425.09,433.04,409.385,400.223,374.704,318.163,268.275,246.704,231.317,229.201,225.701,195.668,165.42,180.227,168.185,142.456,116.657,37.3921,10.5512,10.6451,-0.915485,
954.501,946.555,919.083,903.288,850.356,823.091,812.372,771.362,775.026,777.318,766.685,726.424,595.417,572.435,559.199,534.342,490.649,472.51,459.476,425.09,433.072,409.385,400.243,374.704,318.153,268.275,246.704,231.317,229.201,225.569,195.672,165.438,180.263,168.185,142.453,116.657,38.105,10.5512,10.969,-0.915485,
956.97,944.579,916.668,893.948,839.937,843.191,818.079,811.747,807.963,792.195,783.187,754.214,750.562,738.437,657.372,630.004,595.416,595.646,582.917,528.786,511.707,490.342,480.497,477.444,463.694,416.82,404.076,368.609,350.888,301.524,298.672,275.02,241.742,240.127,240.686,199.717,193.716,143.201,142.645,74.5479,73.7757,17.3948,23.2676,11.5759,
959.483,944.208,912.704,929.719,831.268,821.268,824.231,776.018,775.967,784.791,732.884,742.12,614.619,619.157,622.994,534.411,512.956,490.811,475.393,445.479,418.845,387.367,350.669,307.336,272.904,253.467,271.3,241.865,226.917,195.628,148.785,152.524,127.703,119.311,93.0654,78.4324,50.9857,42.0151,40.9216,8.70943,
940.244,904.539,912.714,890.15,844.119,799.89,794.129,773.251,781.993,754.978,643.042,630.315,590.032,559.565,505.629,495.361,489.178,490.172,476.841,414.89,360.64,311.385,304.761,306.348,292.505,266.848,248.891,242.939,188.908,161.569,105.005,119.043,113.085,79.3517,92.2634,85.4046,74.6479,71.7222,4.71856,
956.344,865.306,809.989,772.865,782.457,775.768,766.772,737.051,728.895,683.956,666.634,663.305,644.291,589.888,560.818,497.066,490.867,493.566,481.775,479.77,391.735,387.77,346.686,332.855,346.143,299.443,304.107,271.943,264.382,243.895,181.149,171.507,110.357,113.586,108.663,76.638,88.8677,74.8826,83.9494,4.09324,
955.387,952.844,893.893,842.215,821.879,839.715,796.061,800.641,774.984,787.265,746.557,721.412,731.384,686.044,659.414,537.985,488.791,483.166,485.172,478.216,418.521,384.64,371.098,339.774,329.487,315.542,300.04,281.236,266.81,246.431,173.185,157.218,114.144,143.818,76.3325,64.0177,62.4637,46.8008,3.97812,0.422621,
956.301,940.997,920.284,909.829,891.077,826.748,802.393,778.957,777.092,738.961,756.792,720.478,722.077,741.846,706.357,710.077,708.167,671.601,515.867,490.868,484.974,463.074,429.027,419.198,345.461,315.503,326.585,324.162,309.973,258.989,261.053,166.4,181.531,119.281,76.7443,41.13,31.1492,7.03827,16.3958,9.98435,
951.703,946.287,941.89,936.233,936.908,894.002,830.676,800.751,780.803,783.291,772.959,758.049,720.367,729.288,709.545,702.01,703.985,697.885,693.712,687.466,487.406,492.698,441.965,449.321,339.491,312.349,305.713,291.56,260.962,251.555,212.238,202.434,221.264,169.792,158.922,128.803,68.4004,23.8905,7.63467,13.2431,13.8517,
956.384,949.574,932.927,838.052,803.872,776.211,773.796,767.76,751.35,740.22,735.164,706.253,701.303,704.954,711.223,698.362,680.422,686.169,689.75,662.83,486.165,478.814,462.72,420.048,353.477,284.299,286.436,263.793,257.349,275.913,236.361,226.725,176.546,149.801,145.057,65.5611,29.5778,16.4734,0.208355,
959.299,919.956,888.355,851.777,813.938,819.12,788.204,771.42,767.043,749.398,729.814,745.579,718.993,734.786,713.353,708.034,705.87,713.123,673.847,668.53,657.786,635.803,506.273,481.315,428.389,400.648,368.8,337.133,260.929,266.448,253.542,260.464,228.45,185.135,166.542,139.34,78.9836,23.4207,19.8324,
957.856,934.03,904.854,870.213,832.65,818.368,808.573,799.568,760.605,729.546,748.385,711.405,725.377,714.46,703.258,701.79,715.212,685.491,648.572,649.531,626.905,629.944,611.283,534.327,473.295,389.422,394.726,387.774,349.357,317.154,278.106,261.74,235.706,248.343,236.032,244.307,184.916,188.394,125.569,97.5785,16.7419,23.1084,
953.405,953.65,899.104,911.432,889.982,884.545,850.654,816.654,829.701,827.831,787.182,741.105,733.388,729.612,694.41,690.355,688.422,696.662,648.094,615.508,603.173,582.449,564.511,489.642,449.822,407.776,381.204,394.522,367.295,341.057,306.595,289.564,292.388,260.349,246.075,232.622,229.014,205.062,178.321,111.737,104.528,25.3753,16.7944,-1.80354,
958.232,972.558,952.371,905.154,900.69,886.033,878.511,861.075,851.525,849.156,808.341,814.77,740.661,749.068,681.805,663.453,667.242,626.124,595.741,595.871,571.755,552.147,512.913,489.575,433.887,431.709,428.461,369.106,366.733,344.986,330.978,289.201,270.753,256.89,268.691,226.095,211.393,171.501,174.698,116.749,97.7159,26.0749,25.8696,5.67767,
959.112,959.817,957.047,954.726,912.437,920.261,910.23,872.6,872.269,857.17,839.069,839.742,793.034,778.05,750.881,693.529,696.083,668.935,631.591,584.598,607.026,567.078,536.623,517.678,492.715,489.273,462.822,451.081,362.108,349.633,323.349,295.283,296.488,252.471,250.1,204.914,207.601,145.552,84.1096,39.3086,55.0293,21.9839,10.025,10.3505,
954.095,950.525,937.976,940.122,915.681,896.112,891.224,896.02,858.828,840.018,822.616,791.327,757.012,689.732,686.014,650.737,602.508,588.782,599.669,578.166,552.349,489.062,498.084,500.932,484.76,473.347,471.458,394.51,330.942,315.25,296.965,247.904,226.744,201.405,198.315,189.109,124.607,107.837,118.86,90.7669,70.3771,50.1829,-22.052,12.6173,14.6692,
961.315,916.56,931.98,922.28,912.391,922.92,876.135,873.763,839.254,814.774,801.483,796.731,764.836,748.412,705.134,678.172,671.621,633.491,567.025,573.305,561.511,537.433,489.135,492.186,471.111,430.594,342.791,244.507,264.038,225.023,197.281,195.921,200.999,152.157,114.277,122.42,86.6113,54.573,57.8692,33.9189,9.50818,32.642,
957.805,942.192,915.127,929.045,913.162,894.692,858.805,853.438,818.539,805.985,800.708,775.572,771.459,673.332,658.505,605.5,611.04,576.397,550.596,540.837,512.142,489.43,465.603,464.253,443.556,389.43,370.624,363.167,295.185,286.068,242.116,227.329,225.417,198.266,174.924,176.295,178.886,171.425,153.504,129.992,150.296,52.304,60.2479,61.3565,46.619,47.2395,13.69,2.5136,-11.4727,
962.526,945.761,900.763,908.48,869.393,894.673,831.828,835.026,794.159,792.419,773.323,778.162,750.65,707.845,679.753,592.098,528.474,530.868,504.894,494.432,495.866,421.624,411.48,401.942,387.323,388.459,371.686,283.201,281.286,240.194,230.518,208.199,202.133,189.967,174.038,181.398,160.592,144.23,143.448,129.47,81.6456,89.8891,47.7937,49.7733,35.6886,19.5767,6.71716,23.5903,
957.474,933.022,923.922,897.681,889.766,871.915,847.831,838.446,812.013,778.224,733.886,725.668,677.318,686.879,639.334,629.441,574.685,548.253,526.978,514.595,505.428,489.078,482.33,486.815,406.59,403.86,385.256,372.917,369.178,376.701,277.397,260.214,237.079,211.31,202.267,196.327,147.451,163.275,142.426,115.846,109.979,107.543,85.3064,48.7337,27.5002,27.9022,21.6534,9.44605,1.24202,
953.868,894.632,898.418,867.792,870.086,846.068,835.884,817.075,756.01,739.044,696.855,669.881,674.716,665.585,611.852,561.712,565.966,553,535.193,489.437,485.566,486.345,464.972,450.443,455.973,420.435,386.327,377.343,340.618,276.23,232.576,234.64,223.103,231.27,174.437,146.922,139.709,133.459,122.594,123.842,83.0118,62.3135,40.5224,20.9633,
959.695,882.577,861.916,872.041,875.35,880.383,844.695,851.566,819.219,789.834,785.998,732.178,718.288,669.37,644.157,594.228,582.194,572.788,550.21,561.038,489.91,469.76,465.686,447.154,438.673,426.099,428.965,390.965,369.318,366.043,316.328,310.297,278.304,270.691,237.841,155.361,155.38,160.163,138.498,112.374,103.081,82.4723,73.163,59.692,59.5363,16.763,
946.34,915.896,883.679,867.03,852.65,852.983,821.625,804.787,768.518,755.581,708.586,639.935,621.621,589.839,592.977,588.127,490.073,460.852,456.737,441.65,425.745,413.836,405.396,393.995,351.965,351.819,301.096,312.865,282.162,278.876,256.613,207.974,197.276,146.698,151.677,107.816,81.1966,76.2446,35.6368,
947.121,929.01,896.872,863.952,856.066,853.032,848.124,829.175,820.288,791.669,782.396,750.978,687.308,628.865,631.178,618.198,609.943,601.457,572.82,538.263,496.08,490.39,484.918,447.6,440.938,414.519,399.537,374.456,345.802,334.072,283.298,279.768,249.955,233.128,215.222,214.048,183.195,183.215,164.469,131.833,108.103,37.0737,12.6059,15.8512,21.8793,36.0195,
957.461,914.258,901.831,873.045,857.433,869.256,847.818,806.045,803.559,802.254,778.041,731.79,669.256,649.711,630.355,633.26,590.087,600.644,578.461,562.525,536.006,511.913,500.487,490.036,461.989,428.852,386.539,385.306,371.677,336.34,326.052,316.612,279.391,262.637,237.112,209.07,215.057,184.367,166.003,158.822,149.317,93.502,48.8708,36.5017,6.27323,-0.0258574,8.72004,7.60517,
935.203,933.02,886.449,891.749,860.433,831.8,788.515,766.268,766.455,705.942,655.141,658.546,633.154,591.916,557.843,554.88,525.33,526.717,490.331,478.099,402.453,414.336,361.44,319.052,301.411,303.57,289.962,269.991,257.703,193.253,189.56,179.541,143.159,113.187,34.0781,33.6562,-1.61553,-0.13313,1.01774,
945.612,941.596,921.949,901.261,908.761,868.451,813.709,772.502,750.699,733.128,685.877,673.143,639.363,639.912,597.466,588.395,560.218,549.218,550.929,529.145,506.433,490.199,489.755,468.411,447.717,434.394,374.1,340.875,327.488,309.333,300.367,307.527,295.007,258.656,220.082,142.445,123.052,-1.55155,21.4548,-0.699869,26.0415,
958.641,963.042,946.803,949.799,913.413,882.908,881.212,826.798,823.026,820.106,755.619,731.871,714.452,698.969,649.102,643.959,622.472,604.346,598.93,571.552,571.707,555.372,558.805,523.543,499.57,490.528,504.15,446.181,463.9,457.702,380.143,345.642,319.128,327.595,315.666,312.699,303.638,291.461,285.948,249.457,232.683,249.887,240.238,194.845,177.359,167.117,122.957,107.065,112.353,89.5183,0.629687,25.0496,
954.415,938.358,921.132,919.466,904.621,853.636,854.202,807.458,792.816,737.016,738.685,706.704,661.505,664.209,618.427,622.194,609.459,603.091,586.544,584.019,570.384,552.592,509.727,490.049,495.039,487.721,477.809,444.795,444.716,391.607,350.395,354.935,317.603,300.952,279.678,262.201,246.712,204.708,220.17,215.725,178.858,116.645,90.621,75.5623,53.1061,27.2491,4.97166,0.237773,0.632617,
922.995,960.391,922.453,865.812,880.331,829.808,800.664,720.199,674.052,683.073,640.843,613.696,634.289,606.082,602.681,580.525,546.473,517.826,521.369,490.361,470.231,439.658,452.596,424.391,403.502,380.953,385.299,289.135,287.331,288.924,278.818,290.939,276.94,252.052,228.017,203.604,188.676,186.393,108.76,70.1452,29.6233,27.4554,37.6003,10.1342,2.85926,
920.498,915.992,920.2,870.826,843.195,799.067,808.869,706.524,683.904,684.378,667.347,665.938,650.352,628.911,608.127,586.897,559.767,559.25,541.149,559.336,525.737,491.106,449.045,431.022,420.46,431.19,418.833,404.128,319.961,289.046,274.215,260.861,265.812,244.779,216.153,210.16,196.382,168.908,152.41,108.965,69.7522,30.5866,43.0026,2.64725,0.637106,8.35788,
916.776,901.786,895.245,872.082,806.841,792.096,788.689,715.06,688.564,654.513,654.979,633.508,597.61,579.68,540.571,535.292,537.047,491.701,456.897,436.858,424.652,427.116,413.773,411.497,294.134,264.701,238.036,250.427,203.262,198.897,197.465,158.373,118.588,122.44,91.7372,32.2011,25.0741,28.0752,20.2481,19.5557,1.28904,
914.528,893.392,876.263,872.344,818.987,799.888,774.478,752.272,768.632,761.622,695.36,691.176,676.93,629.94,635.198,621.985,599.433,549.275,556.452,538.067,524.355,491.154,500.024,488.126,462.843,451.75,400.296,395.839,389.733,367.67,299.143,252.339,232.513,215.132,215.63,194.422,195.497,185.345,171.847,121.78,97.758,57.3027,36.7818,31.483,2.31479,8.84298,
915.041,873.573,871.655,834.925,819.315,754.16,724.517,705.774,692.598,668.727,628.942,640.19,642.311,596.143,603.367,575.599,566.077,566.173,520.409,510.989,490.554,489.06,481.157,459.492,415.558,369.631,347.525,298.339,263.797,253.836,237.003,222.873,197.825,214.296,178.499,181.777,143.182,113.929,80.2136,74.1767,46.8369,45.0309,46.4784,
920.456,876.588,847.799,849.639,840.666,776.318,741.452,728.56,708.25,704.178,681.906,686.575,686.801,682.156,642.43,627.04,590.506,592.69,588.617,577.647,542.928,553.523,513.702,511.177,490.244,487.413,429.471,403.344,424.102,354.595,337.69,327.289,253.387,219.108,221.489,198.495,169.275,113.697,101.187,81.1352,61.7813,60.3317,46.3749,37.1369,
929.021,879.17,857.632,866.322,827.424,803.026,791.313,715.068,671.752,659.108,643.878,651.985,651.877,624.102,618.72,603.029,585.858,541.43,549.74,541.612,529.917,530.679,490.741,490.746,459.51,422.99,400.497,392.144,341.451,310.368,305.076,245.998,216.24,210.083,188.593,179.306,170.421,172.913,151.484,129.055,124.093,104.755,115.204,85.5878,79.6047,80.6925,75.4439,58.0915,21.1868,
938.653,882.122,894.475,867.04,814.359,803.049,805.446,730.758,660.894,659.807,648.159,631.704,612.415,607.954,596.988,584.889,563.71,546.5,534.518,525.546,538.98,492.628,432.719,424.003,393.038,359.135,322.213,299.058,275.506,287.301,279.482,246.632,225.47,205.729,179.54,195.472,183.11,148.665,129.024,122.88,120.2,101.163,92.4849,89.6624,80.8907,59.8183,50.2555,-1.95912,1.0245,
948.042,922.876,884.876,879.878,848.132,817.245,782.716,778.5,762.147,749.656,713.321,663.833,652.779,651.38,665.182,645.635,627.539,623.504,625.992,589.926,582.793,580.84,528.159,525.266,491.886,510.394,446.686,406.334,382.968,320.422,322.427,294.713,276.359,253.817,254.344,205.871,219.602,176.37,177.83,188.116,130.044,111.04,114.684,103.925,99.6905,107.173,72.9568,34.2284,1.0289,18.7973,
957.606,946.855,893.988,888.147,881.566,837.833,802.765,787.318,761.066,760.322,692.537,657.002,652.939,648.851,632.749,602.561,591.064,559.234,537.003,538.298,512.205,513.863,492.29,482.427,465.343,456.963,381.56,386.898,344.969,284.393,260.949,244.174,230.303,219.544,205.161,172.029,113.143,118.301,109.954,102.709,91.9577,43.3903,1.53101,13.882,
958.098,908.028,921.32,894.301,862.024,829.869,806.427,763.875,740.247,736.762,699.188,678.843,659.234,652.686,668.328,631.961,592.482,538.758,498.704,492.09,503.844,501.297,454.258,387.36,367.603,293.037,275.517,262.776,275.186,240.74,197.995,206.047,202.546,169.325,125.028,102.359,103.641,73.4604,32.9557,11.8968,3.94935,10.6408,12.3517,
958.002,951.185,954.475,918.043,925.94,900.278,894.421,856.918,820.912,762.668,779.139,730.996,714.997,685.622,676.632,658.131,657.411,645.565,647.452,595.956,563.24,503.867,487.274,483.64,462.335,424.923,387.482,397.596,343.474,295.883,284.458,300.966,259.659,180.327,137.91,109.531,103.198,95.0966,95.0239,38.3767,40.4638,31.4866,
956.827,940.803,926.815,924.528,904.538,889.459,835.31,769.301,697.551,700.084,695.024,660.122,671.562,665.873,653.532,643.021,591.219,552.489,478.725,491.357,455.734,425.452,424.494,380.304,394.9,367.09,331.468,328.89,326.761,293.299,276.058,252.917,222.477,200.065,176.632,165.77,165.042,118.817,107.762,101.971,85.2443,75.6567,58.5127,61.2871,27.8082,
954.94,952.102,948.884,935.498,941.241,909.768,892.212,855.652,865.51,786.435,782.737,727.81,705.277,713.194,692.62,679.688,674.559,656.203,646.267,623.734,603.187,579.158,560.967,543.108,474.578,480.832,455.805,437.539,386.5,367.53,341.609,349.499,333.368,292.887,292.053,283.146,248.729,247.394,217.817,229.726,179.775,142.156,143.029,118.676,122.28,100.582,84.5614,88.3319,75.5294,58.1099,31.9776,2.69711,
956.013,916.019,861.805,808.433,798.206,748.165,727.311,714.623,717.014,707.358,702.258,701.263,647.532,631.626,604.103,570.015,558.184,528.94,490.772,468.872,442.125,421.683,370.43,345.151,297.451,299.174,270.486,249.129,273.654,226.491,190.661,134.163,125.147,106.61,118.528,113.012,87.6766,65.5584,52.1312,27.9017,1.93372,
957.924,953.886,923.976,826.169,835.892,808.045,762.647,738.672,719.611,685.758,636.761,629.052,575.649,588.129,535.184,508.523,490.771,458.443,439.613,425.142,405.191,374.952,387.042,346.756,314.584,304.915,290.493,293.738,265.585,239.003,229.231,202.042,147.816,140.046,146.222,119.552,113.856,98.6713,52.6107,55.7245,50.0061,23.0499,
960.139,958.818,955.967,950.882,932.796,925.689,912.375,834.794,814.783,806.079,755.524,664.691,627.416,626.901,615.261,599.274,576.574,592.934,511.421,489.891,474.741,444.683,417.163,407.83,399.248,401.496,375.104,368.469,341.532,325.185,345.752,319.541,278.581,269.119,231.453,233.738,218.542,210.806,172.168,161.918,145.681,115.062,116.513,123.281,79.5883,70.9741,45.934,25.8976,15.08,
960.139,958.818,955.967,950.909,932.892,925.711,912.391,834.794,814.783,806.079,755.524,664.691,626.505,626.892,615.248,599.274,576.593,592.955,511.421,489.862,474.741,444.683,417.172,407.909,399.248,401.504,375.104,368.483,341.569,325.185,345.718,319.541,278.652,269.119,231.453,233.854,218.467,210.766,172.198,161.918,145.582,115.062,116.512,123.293,79.455,70.9485,45.934,25.8976,15.08,
953.79,956.182,945.453,938.743,838.143,841.898,775.329,775.816,764.462,728.07,622.235,623.315,624.014,590.359,574.378,579.429,524.575,490.563,468.16,454.531,428.977,414.169,433.618,402.601,396.798,381.976,389.801,377.277,342.328,325.804,322.905,317.118,320.586,285.219,257.039,246.946,229.932,209.851,190.596,180.164,174.522,158.911,124.418,57.0414,56.5102,25.5794,29.9114,34.6098,
956.525,845.821,798.449,799.599,799.772,737.865,743.469,639.897,626.677,578.588,568.011,537.288,555.958,490.675,453.476,429.042,431.402,411.063,373.103,340.795,319.885,300.799,284.066,288.834,206.368,206.769,193.397,151.275,150.058,118.453,61.7295,60.617,16.3701,21.7259,22.363,
957.008,916.774,905.123,830.495,823.014,815.299,746.037,718.271,630.038,629.606,591.721,584.166,559.641,539.611,478.512,434.929,425.62,345.126,337.102,320.269,295.488,277.712,283.232,248.672,231.332,226.855,177.198,177.08,128.732,109.679,109.863,82.3552,64.8823,60.3262,68.041,15.7013,10.7504,7.03684,
955.878,943.403,879.591,873.26,846.425,835.214,836.926,749.383,690.057,628.168,615.458,625.069,603.39,612.843,568.408,550.67,507.056,483.004,439.001,440.676,408.833,416.494,379.403,337.882,332.678,325.663,278.188,273.862,270.196,250.824,193.047,130.328,145.35,101.116,66.0557,75.0733,58.821,12.5195,7.05377,5.90285,
952.579,935.641,843.726,839.344,846.89,749.185,663.71,663.95,639.803,625.39,622.407,619.74,596.523,577.531,571.526,540.656,553.836,535.413,507.394,491.294,491.648,444.008,456.355,396.78,394.39,340.496,334.464,291.899,308.973,270.332,280.999,266.844,213.892,210.711,127.1,113.366,95.4465,54.0561,65.5895,33.381,-1.43911,19.144,
922.678,890.557,835,871.756,846.835,842.412,815.067,814.096,812.643,749.752,659.834,665.739,643.014,627.811,622.346,621.858,607.912,586.033,563.397,559.374,533.429,491.281,470.494,453.222,386.943,366.537,341.444,333.711,358.607,306.415,285.344,285.681,227.485,203.512,119.045,90.6738,76.9805,81.1683,42.1039,52.0109,27.2346,28.3115,8.57057,1.00716,
957.415,901.279,901.615,907.38,845.428,838.001,783.276,754.187,779.555,695.19,665.394,640.193,627.765,621.58,595.486,586.802,554.377,564.287,491.503,466.139,446.172,381.722,373.043,321.762,315.348,327.84,303.531,308.418,273.38,244.569,195.337,122.038,107.44,86.0568,33.711,48.4847,24.5443,38.9837,29.3536,1.06878,5.48512,6.91853,
939.302,932.253,924.185,911.135,878.574,839.589,831.616,806.289,762.726,752.643,744.534,723.725,677.672,654.038,630.545,587.205,602.39,596.07,598.948,561.115,548.866,492.897,492.462,479.189,425.848,376.888,391.477,370.449,345.205,322.809,297.674,272.843,260.215,260.059,209.174,210.091,156.801,83.6187,34.0999,31.809,30.0218,14.6378,18.4547,23.7278,
952.393,945.971,874.165,859.424,837.797,832.033,827.574,770.574,729.889,752.953,725.613,686.891,707.081,669.999,637.317,632.67,608.125,584.916,566.21,557.039,544.037,500.914,491.326,493.187,421.532,404.591,365.173,362.212,365.488,352.426,336.316,312.494,309.375,256.635,254.363,218.645,188.744,82.9259,68.0796,40.2838,37.5067,41.4852,25.3335,-0.850748,0.867289,
957.934,958.726,957.211,846.682,838.509,823.537,825.12,779.062,774.605,801.468,761.215,752.383,695.34,655.002,672.134,661.726,637.851,586.139,572.686,568.102,531.23,537.006,508.842,496.471,454.154,365.955,361.107,334.835,320.492,307.403,286.816,241.818,236.563,232.945,220.305,83.9431,47.8431,57.693,37.7687,20.7806,
970.988,959.717,942.773,924.16,862.214,840.987,813.442,819.465,782.039,766.13,773.622,777.332,736.22,717.053,683.119,688.151,674.432,662.35,650.978,639.202,587.563,587.194,561.688,568.19,522.584,521.625,504.311,491.397,493.829,389.461,384.72,380.613,368.813,360.976,335.145,351.059,334.321,331.288,313.389,277.776,239.841,219.684,127.113,84.6261,51.1957,48.7868,43.1493,31.9153,51.9958,-0.913305,1.68564,
957.004,955.115,933.438,900.719,885.494,834.225,836.688,803.029,778.925,796.523,764.411,738.311,730.509,714.744,706.732,690.184,688.784,670.814,633.246,606.233,584.979,607.643,570.886,588.994,518.874,501.291,503.571,473.069,407.638,403.86,394.475,352.207,365.499,340.265,320.363,312.513,322.428,314.976,240.002,239.34,192.311,186.044,182.649,159.995,85.2712,108.66,60.4207,45.8028,49.697,19.8269,7.65181,9.71694,
954.445,942.009,911.69,842.624,822.148,793.086,773.935,765.171,755.14,704.705,709.312,694.147,694.334,690.365,682.75,608.722,604.744,577.71,573.405,576.169,521.495,500.61,458.023,430.238,369.706,345.699,312.744,299.179,248.461,218.611,171.406,189.286,169.43,141.981,86.3804,84.8828,70.1838,40.2501,46.8298,34.8404,6.08921,1.5758,
938.387,925.397,890.756,848.564,828.887,825.503,785.819,775.032,767.208,760.764,718.096,705.037,630.604,626.543,590.769,530.311,492.766,448.704,457.425,385.632,343.32,304.758,307.786,266.561,270.065,248.14,217.187,213.807,185.872,160.176,158.278,87.1601,76.1231,75.1652,59.9396,33.3881,35.7071,-0.87844,1.00716,
960.076,921.655,908.305,874.627,836.558,779.928,781.283,745.275,723.854,725.769,707.412,691.238,643.935,638.365,588.039,578.471,544.322,492.763,484.837,437.738,412.867,400.029,367.414,336.603,342.874,286.173,286.386,268.578,241.904,220.599,244.763,156.873,149.027,101.786,88.3125,80.2597,85.7921,71.1973,50.0849,29.3724,32.3162,2.40714,
941.35,899.872,892.924,840.951,780.385,782.168,731.876,728.283,725.398,684.686,697.495,657.903,600.664,606.675,581.002,544.549,538.946,513.617,511.629,479.807,468.278,420.175,410.134,377.058,379.059,328.468,307.257,264.435,280.85,243.342,220.579,223.245,249.847,223.595,149.202,140.807,108,108.615,84.0582,87.8903,30.4209,32.8536,1.83215,22.0068,
958.559,958.181,920.891,877.081,835.434,826.406,785.2,774.781,761.294,744.338,709.623,668.888,629.434,570.632,557.219,550.206,535.067,516.526,483.52,442.045,418.898,413.209,396.335,322.323,309.267,263.042,248.025,241.784,239.094,234.161,209.681,205.08,130.01,133.021,119.006,130.489,89.0866,95.0834,69.2053,78.3846,51.9199,33.975,-0.876152,
944.781,938.255,865.669,844.817,823.481,792.198,759.87,752.739,749.255,742.433,706.048,723.601,689.226,657.731,636.324,550.877,559.857,549.757,555.654,513.729,427.113,404.393,371.962,322.454,339.616,258.507,255.782,247.518,233.56,231.617,193.87,179.779,150.66,132.609,113.567,98.0197,82.3363,57.1812,25.9009,-0.0575709,8.36606,
955.632,960.039,967.159,928.865,855.434,854.953,812.228,800.807,760.592,757.229,752.7,705.515,715.598,701.443,681.932,601.643,571.695,550.503,539.111,557.879,542.115,507.665,519.15,509,474.539,436.559,388.002,371.428,360.382,328.702,280.162,265.216,251.91,185.09,172.876,163.532,168.061,148.542,112.893,113.392,96.1316,42.0094,1.70712,3.0273,4.46064,
939.099,940.503,916.209,862.942,799.763,761.688,737.326,723.683,695.763,703.28,686.911,682.558,599.892,585.134,548.752,543.607,567.401,551.131,561.316,537.317,508.076,497.395,494.571,441.073,367.627,339.215,311.852,287.159,242.966,187.913,182.74,184.251,160.986,146.037,140.468,131.176,82.7433,46.5591,32.4115,1.55318,
931.646,908.726,915.044,873.165,817.646,781.372,768.459,744.731,727.108,718.731,662.464,662.562,632.462,601.057,563.364,552.033,564.681,549.812,553.353,541.982,523.313,486.33,474.403,431.102,398.24,363.356,344.866,346.413,329.604,312.736,308.434,234.265,205.554,192.048,202.248,173.762,166.849,170.714,150.353,124.755,75.1064,70.2899,65.1909,69.9736,85.5314,16.5435,23.1171,29.5037,7.5401,
927.169,910.166,888.207,893.199,795.091,766.845,766.404,754.102,697.992,669.528,638.24,639.128,622.539,579.943,582.056,558.773,567.007,560.145,554.083,494.101,474.006,487.742,447.035,429.395,388.538,369.316,335.16,330.309,308.444,276.31,237.223,246.264,224.146,224.722,220.895,186.056,184.553,169.509,149.643,99.0986,88.8387,75.217,2.93009,27.2969,19.054,
916.93,917.386,906.313,872.353,828.935,807.001,793.333,783.475,708.862,674.433,639.381,646.955,629.998,618.005,581.705,568.091,557.213,559.764,493.678,460.415,464.485,457.815,383.69,387.751,393.448,360.657,320.921,281.615,263.658,252.849,241.956,215.528,237.906,218.104,188.462,195.082,166.741,175.834,170.279,132.647,114.19,112.052,90.509,80.6043,72.4992,36.785,47.6845,
923.064,921.69,899.386,852.827,829.213,812.768,816.647,822.948,766.312,741.147,676.472,666.188,658.779,628.893,606.998,595.656,576.593,590.35,556.438,493.987,451.729,430.287,399.653,405.68,378.43,364.438,361.316,327.206,312.242,280.751,282.041,258.843,264.517,246.984,186.272,173.188,163.251,160.832,141.805,130.364,81.0135,66.3354,49.5896,-1.66902,18.6378,
955.675,929.935,924.35,877.085,841.119,838.956,814.597,800.138,753.03,690.191,684.779,642.038,627.333,612.754,584.384,580.422,549.087,557.57,493.204,503.446,478.951,449.101,432.602,410.375,399.816,358.277,303.181,303.85,300.194,289.798,287.951,305.726,243.209,183.419,173.061,164.213,157.836,177.79,101.456,86.4829,74.5254,52.2995,32.1674,9.76953,
935.86,948.099,919.153,877.52,857.816,833.151,833.988,823.388,818.505,803.334,797.704,767.907,741.221,721.522,714.702,666.301,629.151,587.519,580.95,536.096,533.4,513.995,492.654,493.201,451.913,462.621,424.31,327.16,295.288,309.859,255.148,228.062,212.655,182.19,169.384,165.334,156.669,124.875,112.563,123.577,105.418,63.7798,57.5851,1.25165,29.3774,13.2429,22.0787,
958.696,946.232,908.228,918.178,873.08,822.28,822.582,811.309,804.669,744.148,737.54,732.794,690.116,649.826,586.859,576.877,527.258,512.402,508.191,492.93,487.529,445.971,446.279,382.592,355.181,336.841,332.558,244.489,220.556,202.903,160.643,149.473,137.32,142.418,121.105,107.242,61.0487,16.4814,2.25492,4.10232,
957.717,950.081,894.619,907.949,906.853,886.237,852.183,833.895,825.4,830.395,810.958,753.399,723.768,667.997,584.476,582.246,562.61,561.106,493.487,494.656,492.408,470.774,454.217,471.794,380.993,305.407,314.56,269.831,261.037,188.104,169.589,171.953,148.28,152.121,143.778,134.235,130.524,94.1683,92.9046,69.6996,3.69237,28.2287,10.7392,
946.509,948.841,930.535,921.963,905.502,881.653,887.709,855.399,858.592,839.687,793.883,779.36,760.97,733.001,711.757,682.279,584.4,574.315,542.016,541.714,492.467,502.214,473.088,394.26,328.243,324.32,302.942,295.273,271.06,276.721,215.826,215.065,187.489,148.245,141.209,150.68,127.408,127.702,65.4056,56.2149,2.49035,
957.975,957.939,944.23,928.867,923.832,918.13,913.972,898.571,873.441,891.559,843.411,833.359,797.859,770.53,773.525,748.483,702.056,692.726,588.729,572.369,530.033,507.416,521.196,518.082,493.049,496.199,469.45,450.032,403.065,351.256,330.352,323.377,305.274,299.22,269.538,253.615,242.26,209.344,189.829,157.753,134.584,129.211,115.921,111.447,83.8654,40.918,-5.39443,14.73,
